solid OpenSCAD_Model
  facet normal 1 -0 0
    outer loop
      vertex 2.9 7.09818 3.2
      vertex 2.9 8.10544 1.4
      vertex 2.9 8.49817 3.2
    endloop
  endfacet
  facet normal 1 0 0
    outer loop
      vertex 2.9 8.10544 1.4
      vertex 2.9 7.09818 3.2
      vertex 2.9 6.70545 1.4
    endloop
  endfacet
  facet normal 0 0 -1
    outer loop
      vertex 2.9 7.09818 3.2
      vertex 5.9 8.49817 3.2
      vertex 5.9 7.09818 3.2
    endloop
  endfacet
  facet normal -0 0 -1
    outer loop
      vertex 5.9 8.49817 3.2
      vertex 2.9 7.09818 3.2
      vertex 2.9 8.49817 3.2
    endloop
  endfacet
  facet normal -1 0 0
    outer loop
      vertex 5.9 8.10544 1.4
      vertex 5.9 7.09818 3.2
      vertex 5.9 8.49817 3.2
    endloop
  endfacet
  facet normal -1 0 -0
    outer loop
      vertex 5.9 7.09818 3.2
      vertex 5.9 8.10544 1.4
      vertex 5.9 6.70545 1.4
    endloop
  endfacet
  facet normal -0 0 1
    outer loop
      vertex 2.9 8.10544 1.4
      vertex 5.9 6.70545 1.4
      vertex 5.9 8.10544 1.4
    endloop
  endfacet
  facet normal 0 0 1
    outer loop
      vertex 5.9 6.70545 1.4
      vertex 2.9 8.10544 1.4
      vertex 2.9 6.70545 1.4
    endloop
  endfacet
  facet normal 1 -0 0
    outer loop
      vertex -5.9 7.09818 3.2
      vertex -5.9 8.10544 1.4
      vertex -5.9 8.49817 3.2
    endloop
  endfacet
  facet normal 1 0 0
    outer loop
      vertex -5.9 8.10544 1.4
      vertex -5.9 7.09818 3.2
      vertex -5.9 6.70545 1.4
    endloop
  endfacet
  facet normal 0 0 -1
    outer loop
      vertex -5.9 7.09818 3.2
      vertex -2.9 8.49817 3.2
      vertex -2.9 7.09818 3.2
    endloop
  endfacet
  facet normal -0 0 -1
    outer loop
      vertex -2.9 8.49817 3.2
      vertex -5.9 7.09818 3.2
      vertex -5.9 8.49817 3.2
    endloop
  endfacet
  facet normal -1 0 0
    outer loop
      vertex -2.9 8.10544 1.4
      vertex -2.9 7.09818 3.2
      vertex -2.9 8.49817 3.2
    endloop
  endfacet
  facet normal -1 0 -0
    outer loop
      vertex -2.9 7.09818 3.2
      vertex -2.9 8.10544 1.4
      vertex -2.9 6.70545 1.4
    endloop
  endfacet
  facet normal -0 0 1
    outer loop
      vertex -5.9 8.10544 1.4
      vertex -2.9 6.70545 1.4
      vertex -2.9 8.10544 1.4
    endloop
  endfacet
  facet normal 0 0 1
    outer loop
      vertex -2.9 6.70545 1.4
      vertex -5.9 8.10544 1.4
      vertex -5.9 6.70545 1.4
    endloop
  endfacet
  facet normal 0.0478116 -0.974226 -0.220449
    outer loop
      vertex 6.80768 -8.99999 5.5
      vertex 5.89999 -7.79999 0
      vertex 6.08623 -7.79085 0
    endloop
  endfacet
  facet normal 0.142673 -0.961741 -0.233877
    outer loop
      vertex 7.02257 -8.98944 5.5
      vertex 6.08623 -7.79085 0
      vertex 7.23538 -8.95787 5.5
    endloop
  endfacet
  facet normal 0.142673 -0.961741 -0.233877
    outer loop
      vertex 7.23538 -8.95787 5.5
      vertex 6.08623 -7.79085 0
      vertex 6.27066 -7.76349 0
    endloop
  endfacet
  facet normal 0.0478294 -0.974225 -0.220451
    outer loop
      vertex 6.80768 -8.99999 5.5
      vertex 6.08623 -7.79085 0
      vertex 7.02257 -8.98944 5.5
    endloop
  endfacet
  facet normal -0.0478294 -0.974225 -0.220451
    outer loop
      vertex -6.80768 -8.99999 5.5
      vertex -7.02257 -8.98944 5.5
      vertex -6.08623 -7.79085 0
    endloop
  endfacet
  facet normal -0.142673 -0.961741 -0.233877
    outer loop
      vertex -6.08623 -7.79085 0
      vertex -7.23538 -8.95787 5.5
      vertex -6.27066 -7.76349 0
    endloop
  endfacet
  facet normal -0.235515 0.940348 -0.245516
    outer loop
      vertex -6.45154 7.71819 0
      vertex -7.44408 8.9056 5.5
      vertex -7.23538 8.95787 5.5
    endloop
  endfacet
  facet normal -0.142673 -0.961741 -0.233877
    outer loop
      vertex -7.02257 -8.98944 5.5
      vertex -7.23538 -8.95787 5.5
      vertex -6.08623 -7.79085 0
    endloop
  endfacet
  facet normal 0 0 1
    outer loop
      vertex 6.80768 8.99999 5.5
      vertex 8.99999 6.80768 5.5
      vertex 8.98944 7.02257 5.5
    endloop
  endfacet
  facet normal 0 0 1
    outer loop
      vertex 8.99999 6.80768 5.5
      vertex 5.25622 0 5.5
      vertex 8.99999 -6.80768 5.5
    endloop
  endfacet
  facet normal 0 0 1
    outer loop
      vertex 6.80768 8.99999 5.5
      vertex 8.98944 7.02257 5.5
      vertex 8.95787 7.23538 5.5
    endloop
  endfacet
  facet normal -0 0 1
    outer loop
      vertex 5.24764 -0.174704 5.5
      vertex 8.99999 -6.80768 5.5
      vertex 5.25622 0 5.5
    endloop
  endfacet
  facet normal 0 0 1
    outer loop
      vertex 6.80768 8.99999 5.5
      vertex 8.95787 7.23538 5.5
      vertex 8.9056 7.44408 5.5
    endloop
  endfacet
  facet normal -0 0 1
    outer loop
      vertex 5.23091 -0.515199 5.5
      vertex 8.99999 -6.80768 5.5
      vertex 5.24764 -0.174704 5.5
    endloop
  endfacet
  facet normal 0 0 1
    outer loop
      vertex 6.80768 8.99999 5.5
      vertex 8.9056 7.44408 5.5
      vertex 8.83311 7.64664 5.5
    endloop
  endfacet
  facet normal -0 0 1
    outer loop
      vertex 5.18089 -0.852415 5.5
      vertex 8.99999 -6.80768 5.5
      vertex 5.23091 -0.515199 5.5
    endloop
  endfacet
  facet normal 0 0 1
    outer loop
      vertex 6.80768 8.99999 5.5
      vertex 8.83311 7.64664 5.5
      vertex 8.74112 7.84114 5.5
    endloop
  endfacet
  facet normal -0 0 1
    outer loop
      vertex 5.15522 -1.02544 5.5
      vertex 8.99999 -6.80768 5.5
      vertex 5.18089 -0.852415 5.5
    endloop
  endfacet
  facet normal 0 0 1
    outer loop
      vertex 6.80768 8.99999 5.5
      vertex 8.74112 7.84114 5.5
      vertex 8.63052 8.02567 5.5
    endloop
  endfacet
  facet normal -0 0 1
    outer loop
      vertex 5.11272 -1.19511 5.5
      vertex 8.99999 -6.80768 5.5
      vertex 5.15522 -1.02544 5.5
    endloop
  endfacet
  facet normal 0 0 1
    outer loop
      vertex 6.80768 8.99999 5.5
      vertex 8.63052 8.02567 5.5
      vertex 8.50236 8.19848 5.5
    endloop
  endfacet
  facet normal -0 0 1
    outer loop
      vertex 5.02989 -1.5258 5.5
      vertex 8.99999 -6.80768 5.5
      vertex 5.11272 -1.19511 5.5
    endloop
  endfacet
  facet normal 0 0 1
    outer loop
      vertex 6.80768 8.99999 5.5
      vertex 8.50236 8.19848 5.5
      vertex 8.35788 8.35788 5.5
    endloop
  endfacet
  facet normal -0 0 1
    outer loop
      vertex 4.91504 -1.84678 5.5
      vertex 8.99999 -6.80768 5.5
      vertex 5.02989 -1.5258 5.5
    endloop
  endfacet
  facet normal 0 0 1
    outer loop
      vertex 6.80768 8.99999 5.5
      vertex 8.35788 8.35788 5.5
      vertex 8.19848 8.50236 5.5
    endloop
  endfacet
  facet normal -0 0 1
    outer loop
      vertex 4.85611 -2.01147 5.5
      vertex 8.99999 -6.80768 5.5
      vertex 4.91504 -1.84678 5.5
    endloop
  endfacet
  facet normal 0 0 1
    outer loop
      vertex 6.80768 8.99999 5.5
      vertex 8.19848 8.50236 5.5
      vertex 8.02567 8.63052 5.5
    endloop
  endfacet
  facet normal -0 0 1
    outer loop
      vertex 4.78133 -2.16959 5.5
      vertex 8.99999 -6.80768 5.5
      vertex 4.85611 -2.01147 5.5
    endloop
  endfacet
  facet normal 0 0 1
    outer loop
      vertex 6.80768 8.99999 5.5
      vertex 8.02567 8.63052 5.5
      vertex 7.84114 8.74112 5.5
    endloop
  endfacet
  facet normal -0 0 1
    outer loop
      vertex 4.63557 -2.47776 5.5
      vertex 8.99999 -6.80768 5.5
      vertex 4.78133 -2.16959 5.5
    endloop
  endfacet
  facet normal 0 0 1
    outer loop
      vertex 6.80768 8.99999 5.5
      vertex 7.84114 8.74112 5.5
      vertex 7.64664 8.83311 5.5
    endloop
  endfacet
  facet normal -0 0 1
    outer loop
      vertex 4.46031 -2.77017 5.5
      vertex 8.99999 -6.80768 5.5
      vertex 4.63557 -2.47776 5.5
    endloop
  endfacet
  facet normal 0 0 1
    outer loop
      vertex 6.80768 8.99999 5.5
      vertex 7.64664 8.83311 5.5
      vertex 7.44408 8.9056 5.5
    endloop
  endfacet
  facet normal -0 0 1
    outer loop
      vertex 4.37039 -2.9202 5.5
      vertex 8.99999 -6.80768 5.5
      vertex 4.46031 -2.77017 5.5
    endloop
  endfacet
  facet normal 0 0 1
    outer loop
      vertex 6.80768 8.99999 5.5
      vertex 7.44408 8.9056 5.5
      vertex 7.23538 8.95787 5.5
    endloop
  endfacet
  facet normal -0 0 1
    outer loop
      vertex 4.26619 -3.06069 5.5
      vertex 8.99999 -6.80768 5.5
      vertex 4.37039 -2.9202 5.5
    endloop
  endfacet
  facet normal 0 0 1
    outer loop
      vertex 6.80768 8.99999 5.5
      vertex 7.23538 8.95787 5.5
      vertex 7.02257 8.98944 5.5
    endloop
  endfacet
  facet normal -0 0 1
    outer loop
      vertex 4.06311 -3.33451 5.5
      vertex 8.99999 -6.80768 5.5
      vertex 4.26619 -3.06069 5.5
    endloop
  endfacet
  facet normal 0 0 1
    outer loop
      vertex 8.99999 6.80768 5.5
      vertex 6.80768 8.99999 5.5
      vertex 3.71671 3.71671 5.5
    endloop
  endfacet
  facet normal -0 0 1
    outer loop
      vertex 3.83417 -3.5871 5.5
      vertex 8.99999 -6.80768 5.5
      vertex 4.06311 -3.33451 5.5
    endloop
  endfacet
  facet normal -0 0 1
    outer loop
      vertex 3.71671 -3.71671 5.5
      vertex 8.99999 -6.80768 5.5
      vertex 3.83417 -3.5871 5.5
    endloop
  endfacet
  facet normal 0 0 1
    outer loop
      vertex 8.99999 6.80768 5.5
      vertex 5.24764 0.174704 5.5
      vertex 5.25622 0 5.5
    endloop
  endfacet
  facet normal 0 0 1
    outer loop
      vertex 8.99999 6.80768 5.5
      vertex 5.23091 0.515199 5.5
      vertex 5.24764 0.174704 5.5
    endloop
  endfacet
  facet normal 0 0 1
    outer loop
      vertex 8.99999 6.80768 5.5
      vertex 5.18089 0.852415 5.5
      vertex 5.23091 0.515199 5.5
    endloop
  endfacet
  facet normal 0 0 1
    outer loop
      vertex 8.99999 6.80768 5.5
      vertex 5.15522 1.02544 5.5
      vertex 5.18089 0.852415 5.5
    endloop
  endfacet
  facet normal 0 0 1
    outer loop
      vertex 8.99999 6.80768 5.5
      vertex 5.11272 1.19511 5.5
      vertex 5.15522 1.02544 5.5
    endloop
  endfacet
  facet normal 0 0 1
    outer loop
      vertex 8.99999 6.80768 5.5
      vertex 5.02989 1.5258 5.5
      vertex 5.11272 1.19511 5.5
    endloop
  endfacet
  facet normal 0 0 1
    outer loop
      vertex 8.99999 6.80768 5.5
      vertex 4.91504 1.84678 5.5
      vertex 5.02989 1.5258 5.5
    endloop
  endfacet
  facet normal 0 0 1
    outer loop
      vertex 8.99999 6.80768 5.5
      vertex 4.85611 2.01147 5.5
      vertex 4.91504 1.84678 5.5
    endloop
  endfacet
  facet normal 0 0 1
    outer loop
      vertex 8.99999 6.80768 5.5
      vertex 4.78133 2.16959 5.5
      vertex 4.85611 2.01147 5.5
    endloop
  endfacet
  facet normal 0 0 1
    outer loop
      vertex 8.99999 6.80768 5.5
      vertex 4.63557 2.47776 5.5
      vertex 4.78133 2.16959 5.5
    endloop
  endfacet
  facet normal 0 0 1
    outer loop
      vertex 8.99999 6.80768 5.5
      vertex 4.46031 2.77017 5.5
      vertex 4.63557 2.47776 5.5
    endloop
  endfacet
  facet normal 0 0 1
    outer loop
      vertex 8.99999 6.80768 5.5
      vertex 4.37039 2.9202 5.5
      vertex 4.46031 2.77017 5.5
    endloop
  endfacet
  facet normal 0 0 1
    outer loop
      vertex 8.99999 6.80768 5.5
      vertex 4.26619 3.06069 5.5
      vertex 4.37039 2.9202 5.5
    endloop
  endfacet
  facet normal 0 0 1
    outer loop
      vertex 8.99999 6.80768 5.5
      vertex 4.06311 3.33451 5.5
      vertex 4.26619 3.06069 5.5
    endloop
  endfacet
  facet normal 0 0 1
    outer loop
      vertex 8.99999 6.80768 5.5
      vertex 3.83417 3.5871 5.5
      vertex 4.06311 3.33451 5.5
    endloop
  endfacet
  facet normal 0 0 1
    outer loop
      vertex 8.99999 6.80768 5.5
      vertex 3.71671 3.71671 5.5
      vertex 3.83417 3.5871 5.5
    endloop
  endfacet
  facet normal 0 0 1
    outer loop
      vertex 6.80768 8.99999 5.5
      vertex 3.5871 3.83417 5.5
      vertex 3.71671 3.71671 5.5
    endloop
  endfacet
  facet normal 0 0 1
    outer loop
      vertex 6.80768 8.99999 5.5
      vertex 3.33451 4.06311 5.5
      vertex 3.5871 3.83417 5.5
    endloop
  endfacet
  facet normal 0 0 1
    outer loop
      vertex 6.80768 8.99999 5.5
      vertex 3.06069 4.26619 5.5
      vertex 3.33451 4.06311 5.5
    endloop
  endfacet
  facet normal 0 0 1
    outer loop
      vertex 6.80768 8.99999 5.5
      vertex 2.9202 4.37039 5.5
      vertex 3.06069 4.26619 5.5
    endloop
  endfacet
  facet normal 0 0 1
    outer loop
      vertex 6.80768 8.99999 5.5
      vertex 2.77017 4.46031 5.5
      vertex 2.9202 4.37039 5.5
    endloop
  endfacet
  facet normal 0 0 1
    outer loop
      vertex 6.80768 8.99999 5.5
      vertex 2.47776 4.63557 5.5
      vertex 2.77017 4.46031 5.5
    endloop
  endfacet
  facet normal 0 0 1
    outer loop
      vertex 6.80768 8.99999 5.5
      vertex 2.16959 4.78133 5.5
      vertex 2.47776 4.63557 5.5
    endloop
  endfacet
  facet normal 0 0 1
    outer loop
      vertex 6.80768 8.99999 5.5
      vertex 2.01147 4.85611 5.5
      vertex 2.16959 4.78133 5.5
    endloop
  endfacet
  facet normal 0 0 1
    outer loop
      vertex 6.80768 8.99999 5.5
      vertex 1.84678 4.91504 5.5
      vertex 2.01147 4.85611 5.5
    endloop
  endfacet
  facet normal 0 0 1
    outer loop
      vertex 6.80768 8.99999 5.5
      vertex 1.5258 5.02989 5.5
      vertex 1.84678 4.91504 5.5
    endloop
  endfacet
  facet normal 0 0 1
    outer loop
      vertex 6.80768 8.99999 5.5
      vertex 1.19511 5.11272 5.5
      vertex 1.5258 5.02989 5.5
    endloop
  endfacet
  facet normal 0 0 1
    outer loop
      vertex 6.80768 8.99999 5.5
      vertex 1.02544 5.15522 5.5
      vertex 1.19511 5.11272 5.5
    endloop
  endfacet
  facet normal 0 0 1
    outer loop
      vertex 6.80768 8.99999 5.5
      vertex 0.852415 5.18089 5.5
      vertex 1.02544 5.15522 5.5
    endloop
  endfacet
  facet normal 0 0 1
    outer loop
      vertex 6.80768 8.99999 5.5
      vertex 0.515199 5.23091 5.5
      vertex 0.852415 5.18089 5.5
    endloop
  endfacet
  facet normal 0 0 1
    outer loop
      vertex 6.80768 8.99999 5.5
      vertex 0.174704 5.24764 5.5
      vertex 0.515199 5.23091 5.5
    endloop
  endfacet
  facet normal 0 0 1
    outer loop
      vertex 6.80768 8.99999 5.5
      vertex 0 5.25622 5.5
      vertex 0.174704 5.24764 5.5
    endloop
  endfacet
  facet normal -0 0 1
    outer loop
      vertex -6.80768 8.99999 5.5
      vertex 0 5.25622 5.5
      vertex 6.80768 8.99999 5.5
    endloop
  endfacet
  facet normal 0 0 1
    outer loop
      vertex 0 5.25622 5.5
      vertex -6.80768 8.99999 5.5
      vertex -0.174704 5.24764 5.5
    endloop
  endfacet
  facet normal 0 0 1
    outer loop
      vertex -0.174704 5.24764 5.5
      vertex -6.80768 8.99999 5.5
      vertex -0.515199 5.23091 5.5
    endloop
  endfacet
  facet normal 0 0 1
    outer loop
      vertex -0.515199 5.23091 5.5
      vertex -6.80768 8.99999 5.5
      vertex -0.852415 5.18089 5.5
    endloop
  endfacet
  facet normal 0 0 1
    outer loop
      vertex -0.852415 5.18089 5.5
      vertex -6.80768 8.99999 5.5
      vertex -1.02544 5.15522 5.5
    endloop
  endfacet
  facet normal 0 0 1
    outer loop
      vertex -1.02544 5.15522 5.5
      vertex -6.80768 8.99999 5.5
      vertex -1.19511 5.11272 5.5
    endloop
  endfacet
  facet normal 0 0 1
    outer loop
      vertex -1.19511 5.11272 5.5
      vertex -6.80768 8.99999 5.5
      vertex -1.5258 5.02989 5.5
    endloop
  endfacet
  facet normal 0 0 1
    outer loop
      vertex -1.5258 5.02989 5.5
      vertex -6.80768 8.99999 5.5
      vertex -1.84678 4.91504 5.5
    endloop
  endfacet
  facet normal 0 0 1
    outer loop
      vertex -6.80768 8.99999 5.5
      vertex -2.77017 4.46031 5.5
      vertex -2.47776 4.63557 5.5
    endloop
  endfacet
  facet normal 0 0 1
    outer loop
      vertex -8.99999 6.80768 5.5
      vertex -4.46031 2.77017 5.5
      vertex -4.37039 2.9202 5.5
    endloop
  endfacet
  facet normal 0 0 1
    outer loop
      vertex -8.99999 6.80768 5.5
      vertex -4.91504 1.84678 5.5
      vertex -4.85611 2.01147 5.5
    endloop
  endfacet
  facet normal 0 0 1
    outer loop
      vertex -8.99999 6.80768 5.5
      vertex -5.11272 1.19511 5.5
      vertex -5.02989 1.5258 5.5
    endloop
  endfacet
  facet normal 0 0 1
    outer loop
      vertex -5.23091 0.515199 5.5
      vertex -8.99999 6.80768 5.5
      vertex -5.24764 0.174704 5.5
    endloop
  endfacet
  facet normal 0 0 1
    outer loop
      vertex -5.18089 0.852415 5.5
      vertex -8.99999 6.80768 5.5
      vertex -5.23091 0.515199 5.5
    endloop
  endfacet
  facet normal 0 0 1
    outer loop
      vertex -5.15522 1.02544 5.5
      vertex -8.99999 6.80768 5.5
      vertex -5.18089 0.852415 5.5
    endloop
  endfacet
  facet normal 0 0 1
    outer loop
      vertex -5.11272 1.19511 5.5
      vertex -8.99999 6.80768 5.5
      vertex -5.15522 1.02544 5.5
    endloop
  endfacet
  facet normal 0 0 1
    outer loop
      vertex -4.91504 1.84678 5.5
      vertex -8.99999 6.80768 5.5
      vertex -5.02989 1.5258 5.5
    endloop
  endfacet
  facet normal 0 0 1
    outer loop
      vertex -4.78133 2.16959 5.5
      vertex -8.99999 6.80768 5.5
      vertex -4.85611 2.01147 5.5
    endloop
  endfacet
  facet normal 0 0 1
    outer loop
      vertex -4.63557 2.47776 5.5
      vertex -8.99999 6.80768 5.5
      vertex -4.78133 2.16959 5.5
    endloop
  endfacet
  facet normal 0 0 1
    outer loop
      vertex -4.46031 2.77017 5.5
      vertex -8.99999 6.80768 5.5
      vertex -4.63557 2.47776 5.5
    endloop
  endfacet
  facet normal 0 0 1
    outer loop
      vertex -4.26619 3.06069 5.5
      vertex -8.99999 6.80768 5.5
      vertex -4.37039 2.9202 5.5
    endloop
  endfacet
  facet normal 0 0 1
    outer loop
      vertex -4.06311 3.33451 5.5
      vertex -8.99999 6.80768 5.5
      vertex -4.26619 3.06069 5.5
    endloop
  endfacet
  facet normal 0 0 1
    outer loop
      vertex -3.83417 3.5871 5.5
      vertex -8.99999 6.80768 5.5
      vertex -4.06311 3.33451 5.5
    endloop
  endfacet
  facet normal 0 0 1
    outer loop
      vertex -3.71671 3.71671 5.5
      vertex -8.99999 6.80768 5.5
      vertex -3.83417 3.5871 5.5
    endloop
  endfacet
  facet normal -0 0 1
    outer loop
      vertex -8.99999 6.80768 5.5
      vertex -3.71671 3.71671 5.5
      vertex -6.80768 8.99999 5.5
    endloop
  endfacet
  facet normal 0 0 1
    outer loop
      vertex -3.5871 3.83417 5.5
      vertex -6.80768 8.99999 5.5
      vertex -3.71671 3.71671 5.5
    endloop
  endfacet
  facet normal 0 0 1
    outer loop
      vertex -3.33451 4.06311 5.5
      vertex -6.80768 8.99999 5.5
      vertex -3.5871 3.83417 5.5
    endloop
  endfacet
  facet normal 0 0 1
    outer loop
      vertex -3.06069 4.26619 5.5
      vertex -6.80768 8.99999 5.5
      vertex -3.33451 4.06311 5.5
    endloop
  endfacet
  facet normal 0 0 1
    outer loop
      vertex -2.9202 4.37039 5.5
      vertex -6.80768 8.99999 5.5
      vertex -3.06069 4.26619 5.5
    endloop
  endfacet
  facet normal 0 0 1
    outer loop
      vertex -2.77017 4.46031 5.5
      vertex -6.80768 8.99999 5.5
      vertex -2.9202 4.37039 5.5
    endloop
  endfacet
  facet normal 0 0 1
    outer loop
      vertex -2.16959 4.78133 5.5
      vertex -6.80768 8.99999 5.5
      vertex -2.47776 4.63557 5.5
    endloop
  endfacet
  facet normal 0 0 1
    outer loop
      vertex -2.01147 4.85611 5.5
      vertex -6.80768 8.99999 5.5
      vertex -2.16959 4.78133 5.5
    endloop
  endfacet
  facet normal 0 0 1
    outer loop
      vertex -1.84678 4.91504 5.5
      vertex -6.80768 8.99999 5.5
      vertex -2.01147 4.85611 5.5
    endloop
  endfacet
  facet normal 0 -0 1
    outer loop
      vertex 6.80768 -8.99999 5.5
      vertex 8.99999 -6.80768 5.5
      vertex 3.71671 -3.71671 5.5
    endloop
  endfacet
  facet normal 0 0 1
    outer loop
      vertex 8.99999 -6.80768 5.5
      vertex 6.80768 -8.99999 5.5
      vertex 8.98944 -7.02257 5.5
    endloop
  endfacet
  facet normal 0 0 1
    outer loop
      vertex 8.98944 -7.02257 5.5
      vertex 6.80768 -8.99999 5.5
      vertex 8.95787 -7.23538 5.5
    endloop
  endfacet
  facet normal 0 0 1
    outer loop
      vertex 8.9056 -7.44408 5.5
      vertex 6.80768 -8.99999 5.5
      vertex 8.83311 -7.64664 5.5
    endloop
  endfacet
  facet normal 0 0 1
    outer loop
      vertex 8.83311 -7.64664 5.5
      vertex 6.80768 -8.99999 5.5
      vertex 8.74112 -7.84114 5.5
    endloop
  endfacet
  facet normal 0 0 1
    outer loop
      vertex 8.74112 -7.84114 5.5
      vertex 6.80768 -8.99999 5.5
      vertex 8.63052 -8.02567 5.5
    endloop
  endfacet
  facet normal 0 0 1
    outer loop
      vertex 8.63052 -8.02567 5.5
      vertex 6.80768 -8.99999 5.5
      vertex 8.50236 -8.19848 5.5
    endloop
  endfacet
  facet normal 0 0 1
    outer loop
      vertex 8.35788 -8.35788 5.5
      vertex 6.80768 -8.99999 5.5
      vertex 8.19848 -8.50236 5.5
    endloop
  endfacet
  facet normal 0 0 1
    outer loop
      vertex 8.19848 -8.50236 5.5
      vertex 6.80768 -8.99999 5.5
      vertex 8.02567 -8.63052 5.5
    endloop
  endfacet
  facet normal 0 0 1
    outer loop
      vertex 8.02567 -8.63052 5.5
      vertex 6.80768 -8.99999 5.5
      vertex 7.84114 -8.74112 5.5
    endloop
  endfacet
  facet normal 0 0 1
    outer loop
      vertex 7.84114 -8.74112 5.5
      vertex 6.80768 -8.99999 5.5
      vertex 7.64664 -8.83311 5.5
    endloop
  endfacet
  facet normal 0 0 1
    outer loop
      vertex 7.64664 -8.83311 5.5
      vertex 6.80768 -8.99999 5.5
      vertex 7.44408 -8.9056 5.5
    endloop
  endfacet
  facet normal 0 0 1
    outer loop
      vertex 7.44408 -8.9056 5.5
      vertex 6.80768 -8.99999 5.5
      vertex 7.23538 -8.95787 5.5
    endloop
  endfacet
  facet normal 0 0 1
    outer loop
      vertex 7.23538 -8.95787 5.5
      vertex 6.80768 -8.99999 5.5
      vertex 7.02257 -8.98944 5.5
    endloop
  endfacet
  facet normal 0 0 1
    outer loop
      vertex 8.50236 -8.19848 5.5
      vertex 6.80768 -8.99999 5.5
      vertex 8.35788 -8.35788 5.5
    endloop
  endfacet
  facet normal 0 0 1
    outer loop
      vertex 8.95787 -7.23538 5.5
      vertex 6.80768 -8.99999 5.5
      vertex 8.9056 -7.44408 5.5
    endloop
  endfacet
  facet normal -0 0 1
    outer loop
      vertex 3.5871 -3.83417 5.5
      vertex 6.80768 -8.99999 5.5
      vertex 3.71671 -3.71671 5.5
    endloop
  endfacet
  facet normal -0 0 1
    outer loop
      vertex 3.33451 -4.06311 5.5
      vertex 6.80768 -8.99999 5.5
      vertex 3.5871 -3.83417 5.5
    endloop
  endfacet
  facet normal -0 0 1
    outer loop
      vertex 3.06069 -4.26619 5.5
      vertex 6.80768 -8.99999 5.5
      vertex 3.33451 -4.06311 5.5
    endloop
  endfacet
  facet normal -0 0 1
    outer loop
      vertex 2.9202 -4.37039 5.5
      vertex 6.80768 -8.99999 5.5
      vertex 3.06069 -4.26619 5.5
    endloop
  endfacet
  facet normal -0 0 1
    outer loop
      vertex 2.77017 -4.46031 5.5
      vertex 6.80768 -8.99999 5.5
      vertex 2.9202 -4.37039 5.5
    endloop
  endfacet
  facet normal -0 0 1
    outer loop
      vertex 2.47776 -4.63557 5.5
      vertex 6.80768 -8.99999 5.5
      vertex 2.77017 -4.46031 5.5
    endloop
  endfacet
  facet normal -0 0 1
    outer loop
      vertex 2.16959 -4.78133 5.5
      vertex 6.80768 -8.99999 5.5
      vertex 2.47776 -4.63557 5.5
    endloop
  endfacet
  facet normal -0 0 1
    outer loop
      vertex 2.01147 -4.85611 5.5
      vertex 6.80768 -8.99999 5.5
      vertex 2.16959 -4.78133 5.5
    endloop
  endfacet
  facet normal -0 0 1
    outer loop
      vertex 1.84678 -4.91504 5.5
      vertex 6.80768 -8.99999 5.5
      vertex 2.01147 -4.85611 5.5
    endloop
  endfacet
  facet normal -0 0 1
    outer loop
      vertex 1.5258 -5.02989 5.5
      vertex 6.80768 -8.99999 5.5
      vertex 1.84678 -4.91504 5.5
    endloop
  endfacet
  facet normal -0 0 1
    outer loop
      vertex 1.19511 -5.11272 5.5
      vertex 6.80768 -8.99999 5.5
      vertex 1.5258 -5.02989 5.5
    endloop
  endfacet
  facet normal -0 0 1
    outer loop
      vertex 1.02544 -5.15522 5.5
      vertex 6.80768 -8.99999 5.5
      vertex 1.19511 -5.11272 5.5
    endloop
  endfacet
  facet normal -0 0 1
    outer loop
      vertex 0.852415 -5.18089 5.5
      vertex 6.80768 -8.99999 5.5
      vertex 1.02544 -5.15522 5.5
    endloop
  endfacet
  facet normal -0 0 1
    outer loop
      vertex 0.515199 -5.23091 5.5
      vertex 6.80768 -8.99999 5.5
      vertex 0.852415 -5.18089 5.5
    endloop
  endfacet
  facet normal -0 0 1
    outer loop
      vertex 0.174704 -5.24764 5.5
      vertex 6.80768 -8.99999 5.5
      vertex 0.515199 -5.23091 5.5
    endloop
  endfacet
  facet normal -0 0 1
    outer loop
      vertex 0 -5.25622 5.5
      vertex 6.80768 -8.99999 5.5
      vertex 0.174704 -5.24764 5.5
    endloop
  endfacet
  facet normal 0 0 1
    outer loop
      vertex -6.80768 -8.99999 5.5
      vertex 0 -5.25622 5.5
      vertex -0.174704 -5.24764 5.5
    endloop
  endfacet
  facet normal 0 0 1
    outer loop
      vertex -6.80768 -8.99999 5.5
      vertex -0.174704 -5.24764 5.5
      vertex -0.515199 -5.23091 5.5
    endloop
  endfacet
  facet normal 0 0 1
    outer loop
      vertex -6.80768 -8.99999 5.5
      vertex -0.515199 -5.23091 5.5
      vertex -0.852415 -5.18089 5.5
    endloop
  endfacet
  facet normal 0 0 1
    outer loop
      vertex -6.80768 -8.99999 5.5
      vertex -0.852415 -5.18089 5.5
      vertex -1.02544 -5.15522 5.5
    endloop
  endfacet
  facet normal 0 0 1
    outer loop
      vertex -6.80768 -8.99999 5.5
      vertex -1.02544 -5.15522 5.5
      vertex -1.19511 -5.11272 5.5
    endloop
  endfacet
  facet normal 0 0 1
    outer loop
      vertex -6.80768 -8.99999 5.5
      vertex -1.19511 -5.11272 5.5
      vertex -1.5258 -5.02989 5.5
    endloop
  endfacet
  facet normal 0 0 1
    outer loop
      vertex -6.80768 -8.99999 5.5
      vertex -1.5258 -5.02989 5.5
      vertex -1.84678 -4.91504 5.5
    endloop
  endfacet
  facet normal 0 0 1
    outer loop
      vertex -6.80768 -8.99999 5.5
      vertex -1.84678 -4.91504 5.5
      vertex -2.01147 -4.85611 5.5
    endloop
  endfacet
  facet normal 0 0 1
    outer loop
      vertex -6.80768 -8.99999 5.5
      vertex -2.77017 -4.46031 5.5
      vertex -2.9202 -4.37039 5.5
    endloop
  endfacet
  facet normal 0 0 1
    outer loop
      vertex -8.99999 -6.80768 5.5
      vertex -4.46031 -2.77017 5.5
      vertex -4.63557 -2.47776 5.5
    endloop
  endfacet
  facet normal 0 0 1
    outer loop
      vertex -8.99999 -6.80768 5.5
      vertex -4.91504 -1.84678 5.5
      vertex -5.02989 -1.5258 5.5
    endloop
  endfacet
  facet normal 0 0 1
    outer loop
      vertex -8.99999 -6.80768 5.5
      vertex -5.11272 -1.19511 5.5
      vertex -5.15522 -1.02544 5.5
    endloop
  endfacet
  facet normal 0 0 1
    outer loop
      vertex -5.24764 0.174704 5.5
      vertex -8.99999 6.80768 5.5
      vertex -5.25622 0 5.5
    endloop
  endfacet
  facet normal 0 0 1
    outer loop
      vertex -8.99999 -6.80768 5.5
      vertex -5.25622 0 5.5
      vertex -8.99999 6.80768 5.5
    endloop
  endfacet
  facet normal 0 0 1
    outer loop
      vertex -5.25622 0 5.5
      vertex -8.99999 -6.80768 5.5
      vertex -5.24764 -0.174704 5.5
    endloop
  endfacet
  facet normal 0 0 1
    outer loop
      vertex -5.24764 -0.174704 5.5
      vertex -8.99999 -6.80768 5.5
      vertex -5.23091 -0.515199 5.5
    endloop
  endfacet
  facet normal 0 0 1
    outer loop
      vertex 0 -5.25622 5.5
      vertex -6.80768 -8.99999 5.5
      vertex 6.80768 -8.99999 5.5
    endloop
  endfacet
  facet normal 0 0 1
    outer loop
      vertex -2.16959 -4.78133 5.5
      vertex -6.80768 -8.99999 5.5
      vertex -2.01147 -4.85611 5.5
    endloop
  endfacet
  facet normal 0 0 1
    outer loop
      vertex -2.47776 -4.63557 5.5
      vertex -6.80768 -8.99999 5.5
      vertex -2.16959 -4.78133 5.5
    endloop
  endfacet
  facet normal 0 0 1
    outer loop
      vertex -2.77017 -4.46031 5.5
      vertex -6.80768 -8.99999 5.5
      vertex -2.47776 -4.63557 5.5
    endloop
  endfacet
  facet normal 0 0 1
    outer loop
      vertex -3.06069 -4.26619 5.5
      vertex -6.80768 -8.99999 5.5
      vertex -2.9202 -4.37039 5.5
    endloop
  endfacet
  facet normal 0 0 1
    outer loop
      vertex -3.33451 -4.06311 5.5
      vertex -6.80768 -8.99999 5.5
      vertex -3.06069 -4.26619 5.5
    endloop
  endfacet
  facet normal 0 0 1
    outer loop
      vertex -3.5871 -3.83417 5.5
      vertex -6.80768 -8.99999 5.5
      vertex -3.33451 -4.06311 5.5
    endloop
  endfacet
  facet normal 0 0 1
    outer loop
      vertex -3.71671 -3.71671 5.5
      vertex -6.80768 -8.99999 5.5
      vertex -3.5871 -3.83417 5.5
    endloop
  endfacet
  facet normal 0 0 1
    outer loop
      vertex -8.99999 -6.80768 5.5
      vertex -3.71671 -3.71671 5.5
      vertex -3.83417 -3.5871 5.5
    endloop
  endfacet
  facet normal 0 0 1
    outer loop
      vertex -8.99999 -6.80768 5.5
      vertex -3.83417 -3.5871 5.5
      vertex -4.06311 -3.33451 5.5
    endloop
  endfacet
  facet normal 0 0 1
    outer loop
      vertex -8.99999 -6.80768 5.5
      vertex -4.06311 -3.33451 5.5
      vertex -4.26619 -3.06069 5.5
    endloop
  endfacet
  facet normal 0 0 1
    outer loop
      vertex -8.99999 -6.80768 5.5
      vertex -4.26619 -3.06069 5.5
      vertex -4.37039 -2.9202 5.5
    endloop
  endfacet
  facet normal 0 0 1
    outer loop
      vertex -4.46031 -2.77017 5.5
      vertex -8.99999 -6.80768 5.5
      vertex -4.37039 -2.9202 5.5
    endloop
  endfacet
  facet normal 0 0 1
    outer loop
      vertex -8.99999 -6.80768 5.5
      vertex -4.63557 -2.47776 5.5
      vertex -4.78133 -2.16959 5.5
    endloop
  endfacet
  facet normal 0 0 1
    outer loop
      vertex -8.99999 -6.80768 5.5
      vertex -4.78133 -2.16959 5.5
      vertex -4.85611 -2.01147 5.5
    endloop
  endfacet
  facet normal 0 0 1
    outer loop
      vertex -4.91504 -1.84678 5.5
      vertex -8.99999 -6.80768 5.5
      vertex -4.85611 -2.01147 5.5
    endloop
  endfacet
  facet normal 0 0 1
    outer loop
      vertex -5.11272 -1.19511 5.5
      vertex -8.99999 -6.80768 5.5
      vertex -5.02989 -1.5258 5.5
    endloop
  endfacet
  facet normal 0 0 1
    outer loop
      vertex -5.23091 -0.515199 5.5
      vertex -8.99999 -6.80768 5.5
      vertex -5.18089 -0.852415 5.5
    endloop
  endfacet
  facet normal 0 0 1
    outer loop
      vertex -8.99999 6.80768 5.5
      vertex -6.80768 8.99999 5.5
      vertex -7.02257 8.98944 5.5
    endloop
  endfacet
  facet normal 0 0 1
    outer loop
      vertex -5.18089 -0.852415 5.5
      vertex -8.99999 -6.80768 5.5
      vertex -5.15522 -1.02544 5.5
    endloop
  endfacet
  facet normal 0 0 1
    outer loop
      vertex -8.99999 6.80768 5.5
      vertex -7.02257 8.98944 5.5
      vertex -7.23538 8.95787 5.5
    endloop
  endfacet
  facet normal 0 0 1
    outer loop
      vertex -3.71671 -3.71671 5.5
      vertex -8.99999 -6.80768 5.5
      vertex -6.80768 -8.99999 5.5
    endloop
  endfacet
  facet normal 0 0 1
    outer loop
      vertex -8.99999 6.80768 5.5
      vertex -7.23538 8.95787 5.5
      vertex -7.44408 8.9056 5.5
    endloop
  endfacet
  facet normal 0 0 1
    outer loop
      vertex -6.80768 -8.99999 5.5
      vertex -8.99999 -6.80768 5.5
      vertex -7.02257 -8.98944 5.5
    endloop
  endfacet
  facet normal 0 0 1
    outer loop
      vertex -8.99999 6.80768 5.5
      vertex -7.44408 8.9056 5.5
      vertex -7.64664 8.83311 5.5
    endloop
  endfacet
  facet normal 0 0 1
    outer loop
      vertex -7.02257 -8.98944 5.5
      vertex -8.99999 -6.80768 5.5
      vertex -7.23538 -8.95787 5.5
    endloop
  endfacet
  facet normal 0 0 1
    outer loop
      vertex -8.99999 6.80768 5.5
      vertex -7.64664 8.83311 5.5
      vertex -7.84114 8.74112 5.5
    endloop
  endfacet
  facet normal 0 0 1
    outer loop
      vertex -7.23538 -8.95787 5.5
      vertex -8.99999 -6.80768 5.5
      vertex -7.44408 -8.9056 5.5
    endloop
  endfacet
  facet normal 0 0 1
    outer loop
      vertex -8.99999 6.80768 5.5
      vertex -7.84114 8.74112 5.5
      vertex -8.02567 8.63052 5.5
    endloop
  endfacet
  facet normal 0 0 1
    outer loop
      vertex -7.44408 -8.9056 5.5
      vertex -8.99999 -6.80768 5.5
      vertex -7.64664 -8.83311 5.5
    endloop
  endfacet
  facet normal 0 0 1
    outer loop
      vertex -8.99999 6.80768 5.5
      vertex -8.02567 8.63052 5.5
      vertex -8.19848 8.50236 5.5
    endloop
  endfacet
  facet normal 0 0 1
    outer loop
      vertex -7.64664 -8.83311 5.5
      vertex -8.99999 -6.80768 5.5
      vertex -7.84114 -8.74112 5.5
    endloop
  endfacet
  facet normal 0 0 1
    outer loop
      vertex -8.99999 6.80768 5.5
      vertex -8.19848 8.50236 5.5
      vertex -8.35788 8.35788 5.5
    endloop
  endfacet
  facet normal 0 0 1
    outer loop
      vertex -7.84114 -8.74112 5.5
      vertex -8.99999 -6.80768 5.5
      vertex -8.02567 -8.63052 5.5
    endloop
  endfacet
  facet normal 0 0 1
    outer loop
      vertex -8.99999 6.80768 5.5
      vertex -8.35788 8.35788 5.5
      vertex -8.50236 8.19848 5.5
    endloop
  endfacet
  facet normal 0 0 1
    outer loop
      vertex -8.02567 -8.63052 5.5
      vertex -8.99999 -6.80768 5.5
      vertex -8.19848 -8.50236 5.5
    endloop
  endfacet
  facet normal 0 0 1
    outer loop
      vertex -8.99999 6.80768 5.5
      vertex -8.50236 8.19848 5.5
      vertex -8.63052 8.02567 5.5
    endloop
  endfacet
  facet normal 0 0 1
    outer loop
      vertex -8.19848 -8.50236 5.5
      vertex -8.99999 -6.80768 5.5
      vertex -8.35788 -8.35788 5.5
    endloop
  endfacet
  facet normal 0 0 1
    outer loop
      vertex -8.99999 6.80768 5.5
      vertex -8.63052 8.02567 5.5
      vertex -8.74112 7.84114 5.5
    endloop
  endfacet
  facet normal 0 0 1
    outer loop
      vertex -8.35788 -8.35788 5.5
      vertex -8.99999 -6.80768 5.5
      vertex -8.50236 -8.19848 5.5
    endloop
  endfacet
  facet normal 0 0 1
    outer loop
      vertex -8.99999 6.80768 5.5
      vertex -8.74112 7.84114 5.5
      vertex -8.83311 7.64664 5.5
    endloop
  endfacet
  facet normal 0 0 1
    outer loop
      vertex -8.50236 -8.19848 5.5
      vertex -8.99999 -6.80768 5.5
      vertex -8.63052 -8.02567 5.5
    endloop
  endfacet
  facet normal 0 0 1
    outer loop
      vertex -8.99999 6.80768 5.5
      vertex -8.83311 7.64664 5.5
      vertex -8.9056 7.44408 5.5
    endloop
  endfacet
  facet normal 0 0 1
    outer loop
      vertex -8.63052 -8.02567 5.5
      vertex -8.99999 -6.80768 5.5
      vertex -8.74112 -7.84114 5.5
    endloop
  endfacet
  facet normal 0 0 1
    outer loop
      vertex -8.99999 6.80768 5.5
      vertex -8.9056 7.44408 5.5
      vertex -8.95787 7.23538 5.5
    endloop
  endfacet
  facet normal 0 0 1
    outer loop
      vertex -8.74112 -7.84114 5.5
      vertex -8.99999 -6.80768 5.5
      vertex -8.83311 -7.64664 5.5
    endloop
  endfacet
  facet normal 0 0 1
    outer loop
      vertex -8.99999 6.80768 5.5
      vertex -8.95787 7.23538 5.5
      vertex -8.98944 7.02257 5.5
    endloop
  endfacet
  facet normal 0 0 1
    outer loop
      vertex -8.83311 -7.64664 5.5
      vertex -8.99999 -6.80768 5.5
      vertex -8.9056 -7.44408 5.5
    endloop
  endfacet
  facet normal 0 0 1
    outer loop
      vertex -8.9056 -7.44408 5.5
      vertex -8.99999 -6.80768 5.5
      vertex -8.95787 -7.23538 5.5
    endloop
  endfacet
  facet normal 0 0 1
    outer loop
      vertex -8.95787 -7.23538 5.5
      vertex -8.99999 -6.80768 5.5
      vertex -8.98944 -7.02257 5.5
    endloop
  endfacet
  facet normal 0.0478294 0.974225 -0.220451
    outer loop
      vertex 7.02257 8.98944 5.5
      vertex 6.08623 7.79085 0
      vertex 6.80768 8.99999 5.5
    endloop
  endfacet
  facet normal -0.0478116 -0.974226 -0.220449
    outer loop
      vertex -5.89999 -7.79999 0
      vertex -6.80768 -8.99999 5.5
      vertex -6.08623 -7.79085 0
    endloop
  endfacet
  facet normal -0.412473 -0.872115 -0.263213
    outer loop
      vertex -7.64664 -8.83311 5.5
      vertex -7.84114 -8.74112 5.5
      vertex -6.62709 -7.65536 0
    endloop
  endfacet
  facet normal -0.872115 -0.412473 -0.263213
    outer loop
      vertex -8.74112 -7.84114 5.5
      vertex -8.83311 -7.64664 5.5
      vertex -7.65536 -6.62709 0
    endloop
  endfacet
  facet normal 0.974225 -0.0478294 -0.220451
    outer loop
      vertex 8.98944 -7.02257 5.5
      vertex 7.79085 -6.08623 0
      vertex 8.99999 -6.80768 5.5
    endloop
  endfacet
  facet normal 0.712356 0.645632 -0.27515
    outer loop
      vertex 7.36871 7.10535 0
      vertex 7.2435 7.2435 0
      vertex 8.50236 8.19848 5.5
    endloop
  endfacet
  facet normal 0.235515 0.940348 -0.245516
    outer loop
      vertex 7.44408 8.9056 5.5
      vertex 6.45154 7.71819 0
      vertex 7.23538 8.95787 5.5
    endloop
  endfacet
  facet normal -0.0478294 0.974225 -0.220451
    outer loop
      vertex -6.08623 7.79085 0
      vertex -7.02257 8.98944 5.5
      vertex -6.80768 8.99999 5.5
    endloop
  endfacet
  facet normal -0.142673 0.961741 -0.233877
    outer loop
      vertex -6.27066 7.76349 0
      vertex -7.23538 8.95787 5.5
      vertex -6.08623 7.79085 0
    endloop
  endfacet
  facet normal -0.573032 0.772672 -0.273153
    outer loop
      vertex -6.95558 7.47978 0
      vertex -8.19848 8.50236 5.5
      vertex -8.02567 8.63052 5.5
    endloop
  endfacet
  facet normal -0.974226 -0.0478116 -0.220449
    outer loop
      vertex -7.79085 -6.08623 0
      vertex -8.99999 -6.80768 5.5
      vertex -7.79999 -5.89999 0
    endloop
  endfacet
  facet normal -0.974225 0.0478294 -0.220451
    outer loop
      vertex -7.79085 6.08623 0
      vertex -8.99999 6.80768 5.5
      vertex -8.98944 7.02257 5.5
    endloop
  endfacet
  facet normal 0 -0.977016 -0.213167
    outer loop
      vertex -5.89999 -7.79999 0
      vertex 6.80768 -8.99999 5.5
      vertex -6.80768 -8.99999 5.5
    endloop
  endfacet
  facet normal 0 -0.977016 -0.213167
    outer loop
      vertex 6.80768 -8.99999 5.5
      vertex -5.89999 -7.79999 0
      vertex 5.89999 -7.79999 0
    endloop
  endfacet
  facet normal -0.235504 -0.940351 -0.245515
    outer loop
      vertex -6.27066 -7.76349 0
      vertex -7.23538 -8.95787 5.5
      vertex -6.45154 -7.71819 0
    endloop
  endfacet
  facet normal 0.974226 0.0478116 -0.220449
    outer loop
      vertex 7.79999 5.89999 0
      vertex 7.79085 6.08623 0
      vertex 8.99999 6.80768 5.5
    endloop
  endfacet
  facet normal 0.645658 0.712333 -0.275149
    outer loop
      vertex 8.35788 8.35788 5.5
      vertex 7.2435 7.2435 0
      vertex 8.19848 8.50236 5.5
    endloop
  endfacet
  facet normal 0.712333 0.645658 -0.275149
    outer loop
      vertex 8.50236 8.19848 5.5
      vertex 7.2435 7.2435 0
      vertex 8.35788 8.35788 5.5
    endloop
  endfacet
  facet normal 0.495135 0.826069 -0.269168
    outer loop
      vertex 6.95558 7.47978 0
      vertex 6.79565 7.57564 0
      vertex 7.84114 8.74112 5.5
    endloop
  endfacet
  facet normal 0.0478116 0.974226 -0.220449
    outer loop
      vertex 6.08623 7.79085 0
      vertex 5.89999 7.79999 0
      vertex 6.80768 8.99999 5.5
    endloop
  endfacet
  facet normal 0 0.977015 -0.213168
    outer loop
      vertex 2.9 8.10544 1.4
      vertex -2.9 8.49817 3.2
      vertex 2.9 8.49817 3.2
    endloop
  endfacet
  facet normal 0 0.977015 -0.213168
    outer loop
      vertex -2.9 8.49817 3.2
      vertex 2.9 8.10544 1.4
      vertex -2.9 8.10544 1.4
    endloop
  endfacet
  facet normal 0 0.977016 -0.213168
    outer loop
      vertex 2.9 8.49817 3.2
      vertex 6.80768 8.99999 5.5
      vertex 5.9 8.49817 3.2
    endloop
  endfacet
  facet normal 1.79398e-06 0.977015 -0.213168
    outer loop
      vertex 6.80768 8.99999 5.5
      vertex 5.9 8.10544 1.4
      vertex 5.9 8.49817 3.2
    endloop
  endfacet
  facet normal 0 0.977016 -0.213164
    outer loop
      vertex 5.89999 7.79999 0
      vertex 2.9 8.10544 1.4
      vertex 5.9 8.10544 1.4
    endloop
  endfacet
  facet normal 0 0.977016 -0.213164
    outer loop
      vertex 2.9 8.10544 1.4
      vertex 5.89999 7.79999 0
      vertex -2.9 8.10544 1.4
    endloop
  endfacet
  facet normal 0 0.977016 -0.213164
    outer loop
      vertex -5.89999 7.79999 0
      vertex -2.9 8.10544 1.4
      vertex 5.89999 7.79999 0
    endloop
  endfacet
  facet normal -1.92218e-05 0.977016 -0.213164
    outer loop
      vertex 5.89999 7.79999 0
      vertex 5.9 8.10544 1.4
      vertex 6.80768 8.99999 5.5
    endloop
  endfacet
  facet normal 0 0.977016 -0.213168
    outer loop
      vertex 6.80768 8.99999 5.5
      vertex 2.9 8.49817 3.2
      vertex -6.80768 8.99999 5.5
    endloop
  endfacet
  facet normal 0 0.977016 -0.213168
    outer loop
      vertex -2.9 8.49817 3.2
      vertex -6.80768 8.99999 5.5
      vertex 2.9 8.49817 3.2
    endloop
  endfacet
  facet normal 0 0.977016 -0.213168
    outer loop
      vertex -5.9 8.49817 3.2
      vertex -6.80768 8.99999 5.5
      vertex -2.9 8.49817 3.2
    endloop
  endfacet
  facet normal -1.79398e-06 0.977015 -0.213168
    outer loop
      vertex -5.9 8.10544 1.4
      vertex -6.80768 8.99999 5.5
      vertex -5.9 8.49817 3.2
    endloop
  endfacet
  facet normal 1.92218e-05 0.977016 -0.213164
    outer loop
      vertex -5.9 8.10544 1.4
      vertex -5.89999 7.79999 0
      vertex -6.80768 8.99999 5.5
    endloop
  endfacet
  facet normal 0 0.977016 -0.213164
    outer loop
      vertex -2.9 8.10544 1.4
      vertex -5.89999 7.79999 0
      vertex -5.9 8.10544 1.4
    endloop
  endfacet
  facet normal -0.0478116 0.974226 -0.220449
    outer loop
      vertex -6.08623 7.79085 0
      vertex -6.80768 8.99999 5.5
      vertex -5.89999 7.79999 0
    endloop
  endfacet
  facet normal -0.142673 0.961741 -0.233877
    outer loop
      vertex -6.08623 7.79085 0
      vertex -7.23538 8.95787 5.5
      vertex -7.02257 8.98944 5.5
    endloop
  endfacet
  facet normal -0.325775 0.910319 -0.255321
    outer loop
      vertex -6.45154 7.71819 0
      vertex -7.64664 8.83311 5.5
      vertex -7.44408 8.9056 5.5
    endloop
  endfacet
  facet normal -0.412473 0.872115 -0.263213
    outer loop
      vertex -6.62709 7.65536 0
      vertex -7.84114 8.74112 5.5
      vertex -7.64664 8.83311 5.5
    endloop
  endfacet
  facet normal -0.495135 0.826069 -0.269168
    outer loop
      vertex -6.95558 7.47978 0
      vertex -7.84114 8.74112 5.5
      vertex -6.79565 7.57564 0
    endloop
  endfacet
  facet normal -0.872119 0.412466 -0.263212
    outer loop
      vertex -7.65536 6.62709 0
      vertex -8.74112 7.84114 5.5
      vertex -7.57564 6.79565 0
    endloop
  endfacet
  facet normal -0.977016 0 -0.213167
    outer loop
      vertex -7.79999 -5.89999 0
      vertex -8.99999 6.80768 5.5
      vertex -7.79999 5.89999 0
    endloop
  endfacet
  facet normal -0.977016 -0 -0.213167
    outer loop
      vertex -8.99999 6.80768 5.5
      vertex -7.79999 -5.89999 0
      vertex -8.99999 -6.80768 5.5
    endloop
  endfacet
  facet normal -0.910319 -0.325775 -0.255321
    outer loop
      vertex -8.83311 -7.64664 5.5
      vertex -8.9056 -7.44408 5.5
      vertex -7.71819 -6.45154 0
    endloop
  endfacet
  facet normal 0 0 -1
    outer loop
      vertex 6.3997 -5.89751 0
      vertex 7.79999 -5.89999 0
      vertex 7.79085 -6.08623 0
    endloop
  endfacet
  facet normal 0 0 -1
    outer loop
      vertex 7.79999 -5.89999 0
      vertex 6.4 -5.89133 0
      vertex 7.79999 5.89999 0
    endloop
  endfacet
  facet normal 0 0 -1
    outer loop
      vertex 6.39113 -5.98445 0
      vertex 7.79085 -6.08623 0
      vertex 7.76349 -6.27066 0
    endloop
  endfacet
  facet normal 0 0 -1
    outer loop
      vertex 6.4 5.89133 0
      vertex 7.79999 5.89999 0
      vertex 6.4 -5.89133 0
    endloop
  endfacet
  facet normal 0 0 -1
    outer loop
      vertex 6.38872 -5.99657 0
      vertex 7.76349 -6.27066 0
      vertex 7.71819 -6.45154 0
    endloop
  endfacet
  facet normal 0 0 -1
    outer loop
      vertex 6.3997 5.89751 0
      vertex 7.79999 5.89999 0
      vertex 6.4 5.89133 0
    endloop
  endfacet
  facet normal 0 0 -1
    outer loop
      vertex 6.36337 -6.08017 0
      vertex 7.71819 -6.45154 0
      vertex 7.65536 -6.62709 0
    endloop
  endfacet
  facet normal -0 0 -1
    outer loop
      vertex 7.79999 5.89999 0
      vertex 6.3997 5.89751 0
      vertex 7.79085 6.08623 0
    endloop
  endfacet
  facet normal 0 0 -1
    outer loop
      vertex 6.35864 -6.09158 0
      vertex 7.65536 -6.62709 0
      vertex 7.57564 -6.79565 0
    endloop
  endfacet
  facet normal 0 0 -1
    outer loop
      vertex 6.39755 5.94119 0
      vertex 7.79085 6.08623 0
      vertex 6.3997 5.89751 0
    endloop
  endfacet
  facet normal 0 0 -1
    outer loop
      vertex 6.33676 -6.13642 0
      vertex 7.57564 -6.79565 0
      vertex 7.47978 -6.95558 0
    endloop
  endfacet
  facet normal 0 0 -1
    outer loop
      vertex 6.39113 5.98445 0
      vertex 7.79085 6.08623 0
      vertex 6.39755 5.94119 0
    endloop
  endfacet
  facet normal 0 0 -1
    outer loop
      vertex 6.31428 -6.17393 0
      vertex 7.47978 -6.95558 0
      vertex 7.36871 -7.10535 0
    endloop
  endfacet
  facet normal -0 0 -1
    outer loop
      vertex 7.79085 6.08623 0
      vertex 6.39113 5.98445 0
      vertex 7.76349 6.27066 0
    endloop
  endfacet
  facet normal 0 0 -1
    outer loop
      vertex 6.28038 -6.21861 0
      vertex 7.36871 -7.10535 0
      vertex 7.2435 -7.2435 0
    endloop
  endfacet
  facet normal 0 0 -1
    outer loop
      vertex 6.39022 5.99057 0
      vertex 7.76349 6.27066 0
      vertex 6.39113 5.98445 0
    endloop
  endfacet
  facet normal 0 0 -1
    outer loop
      vertex 6.25101 -6.25101 0
      vertex 7.2435 -7.2435 0
      vertex 7.10535 -7.36871 0
    endloop
  endfacet
  facet normal 0 0 -1
    outer loop
      vertex 6.38872 5.99657 0
      vertex 7.76349 6.27066 0
      vertex 6.39022 5.99057 0
    endloop
  endfacet
  facet normal 0 0 -1
    outer loop
      vertex 6.20906 -6.28822 0
      vertex 7.10535 -7.36871 0
      vertex 6.95558 -7.47978 0
    endloop
  endfacet
  facet normal -0 0 -1
    outer loop
      vertex 7.76349 6.27066 0
      vertex 6.38872 5.99657 0
      vertex 7.71819 6.45154 0
    endloop
  endfacet
  facet normal 0 0 -1
    outer loop
      vertex 6.17393 -6.31428 0
      vertex 6.95558 -7.47978 0
      vertex 6.79565 -7.57564 0
    endloop
  endfacet
  facet normal 0 0 -1
    outer loop
      vertex 6.3781 6.03899 0
      vertex 7.71819 6.45154 0
      vertex 6.38872 5.99657 0
    endloop
  endfacet
  facet normal 0 0 -1
    outer loop
      vertex 6.13112 -6.33994 0
      vertex 6.79565 -7.57564 0
      vertex 6.62709 -7.65536 0
    endloop
  endfacet
  facet normal 0 0 -1
    outer loop
      vertex 6.36337 6.08017 0
      vertex 7.71819 6.45154 0
      vertex 6.3781 6.03899 0
    endloop
  endfacet
  facet normal 0 0 -1
    outer loop
      vertex 6.08017 -6.36337 0
      vertex 6.62709 -7.65536 0
      vertex 6.45154 -7.71819 0
    endloop
  endfacet
  facet normal -0 0 -1
    outer loop
      vertex 7.71819 6.45154 0
      vertex 6.36337 6.08017 0
      vertex 7.65536 6.62709 0
    endloop
  endfacet
  facet normal 0 0 -1
    outer loop
      vertex 6.36128 6.08599 0
      vertex 7.65536 6.62709 0
      vertex 6.36337 6.08017 0
    endloop
  endfacet
  facet normal 0 0 -1
    outer loop
      vertex 7.79999 -5.89999 0
      vertex 6.3997 -5.89751 0
      vertex 6.4 -5.89133 0
    endloop
  endfacet
  facet normal 0 0 -1
    outer loop
      vertex 7.79085 -6.08623 0
      vertex 6.39755 -5.94119 0
      vertex 6.3997 -5.89751 0
    endloop
  endfacet
  facet normal 0 0 -1
    outer loop
      vertex 7.79085 -6.08623 0
      vertex 6.39113 -5.98445 0
      vertex 6.39755 -5.94119 0
    endloop
  endfacet
  facet normal 0 0 -1
    outer loop
      vertex 7.76349 -6.27066 0
      vertex 6.39022 -5.99057 0
      vertex 6.39113 -5.98445 0
    endloop
  endfacet
  facet normal 0 0 -1
    outer loop
      vertex 7.76349 -6.27066 0
      vertex 6.38872 -5.99657 0
      vertex 6.39022 -5.99057 0
    endloop
  endfacet
  facet normal 0 0 -1
    outer loop
      vertex 7.71819 -6.45154 0
      vertex 6.3781 -6.03899 0
      vertex 6.38872 -5.99657 0
    endloop
  endfacet
  facet normal 0 0 -1
    outer loop
      vertex 7.71819 -6.45154 0
      vertex 6.36337 -6.08017 0
      vertex 6.3781 -6.03899 0
    endloop
  endfacet
  facet normal 0 0 -1
    outer loop
      vertex 7.65536 -6.62709 0
      vertex 6.36128 -6.08599 0
      vertex 6.36337 -6.08017 0
    endloop
  endfacet
  facet normal 0 0 -1
    outer loop
      vertex 7.65536 -6.62709 0
      vertex 6.35864 -6.09158 0
      vertex 6.36128 -6.08599 0
    endloop
  endfacet
  facet normal 0 0 -1
    outer loop
      vertex 7.57564 -6.79565 0
      vertex 6.33994 -6.13112 0
      vertex 6.35864 -6.09158 0
    endloop
  endfacet
  facet normal 0 0 -1
    outer loop
      vertex 7.57564 -6.79565 0
      vertex 6.33676 -6.13642 0
      vertex 6.33994 -6.13112 0
    endloop
  endfacet
  facet normal 0 0 -1
    outer loop
      vertex 7.47978 -6.95558 0
      vertex 6.31428 -6.17393 0
      vertex 6.33676 -6.13642 0
    endloop
  endfacet
  facet normal 0 0 -1
    outer loop
      vertex 7.36871 -7.10535 0
      vertex 6.28822 -6.20906 0
      vertex 6.31428 -6.17393 0
    endloop
  endfacet
  facet normal 0 0 -1
    outer loop
      vertex 7.36871 -7.10535 0
      vertex 6.28454 -6.21403 0
      vertex 6.28822 -6.20906 0
    endloop
  endfacet
  facet normal 0 0 -1
    outer loop
      vertex 7.36871 -7.10535 0
      vertex 6.28038 -6.21861 0
      vertex 6.28454 -6.21403 0
    endloop
  endfacet
  facet normal 0 0 -1
    outer loop
      vertex 6.03899 -6.3781 0
      vertex 6.45154 -7.71819 0
      vertex 6.27066 -7.76349 0
    endloop
  endfacet
  facet normal 0 0 -1
    outer loop
      vertex 7.2435 -7.2435 0
      vertex 6.25101 -6.25101 0
      vertex 6.28038 -6.21861 0
    endloop
  endfacet
  facet normal 0 0 -1
    outer loop
      vertex 7.10535 -7.36871 0
      vertex 6.21861 -6.28038 0
      vertex 6.25101 -6.25101 0
    endloop
  endfacet
  facet normal 0 0 -1
    outer loop
      vertex 7.10535 -7.36871 0
      vertex 6.21403 -6.28454 0
      vertex 6.21861 -6.28038 0
    endloop
  endfacet
  facet normal 0 0 -1
    outer loop
      vertex 7.10535 -7.36871 0
      vertex 6.20906 -6.28822 0
      vertex 6.21403 -6.28454 0
    endloop
  endfacet
  facet normal 0 0 -1
    outer loop
      vertex 6.95558 -7.47978 0
      vertex 6.17393 -6.31428 0
      vertex 6.20906 -6.28822 0
    endloop
  endfacet
  facet normal 0 0 -1
    outer loop
      vertex 6.79565 -7.57564 0
      vertex 6.13642 -6.33676 0
      vertex 6.17393 -6.31428 0
    endloop
  endfacet
  facet normal 0 0 -1
    outer loop
      vertex 6.79565 -7.57564 0
      vertex 6.13112 -6.33994 0
      vertex 6.13642 -6.33676 0
    endloop
  endfacet
  facet normal 0 0 -1
    outer loop
      vertex 6.62709 -7.65536 0
      vertex 6.09158 -6.35864 0
      vertex 6.13112 -6.33994 0
    endloop
  endfacet
  facet normal 0 0 -1
    outer loop
      vertex 5.98445 -6.39113 0
      vertex 6.27066 -7.76349 0
      vertex 6.08623 -7.79085 0
    endloop
  endfacet
  facet normal 0 0 -1
    outer loop
      vertex 6.62709 -7.65536 0
      vertex 6.08599 -6.36128 0
      vertex 6.09158 -6.35864 0
    endloop
  endfacet
  facet normal 0 0 -1
    outer loop
      vertex 6.62709 -7.65536 0
      vertex 6.08017 -6.36337 0
      vertex 6.08599 -6.36128 0
    endloop
  endfacet
  facet normal 0 0 -1
    outer loop
      vertex 6.45154 -7.71819 0
      vertex 6.03899 -6.3781 0
      vertex 6.08017 -6.36337 0
    endloop
  endfacet
  facet normal 0 0 -1
    outer loop
      vertex 6.27066 -7.76349 0
      vertex 5.99657 -6.38872 0
      vertex 6.03899 -6.3781 0
    endloop
  endfacet
  facet normal 0 0 -1
    outer loop
      vertex 6.27066 -7.76349 0
      vertex 5.99057 -6.39022 0
      vertex 5.99657 -6.38872 0
    endloop
  endfacet
  facet normal 0 0 -1
    outer loop
      vertex 6.27066 -7.76349 0
      vertex 5.98445 -6.39113 0
      vertex 5.99057 -6.39022 0
    endloop
  endfacet
  facet normal 0 0 -1
    outer loop
      vertex 6.08623 -7.79085 0
      vertex 5.94119 -6.39755 0
      vertex 5.98445 -6.39113 0
    endloop
  endfacet
  facet normal 0 0 -1
    outer loop
      vertex 5.89999 -7.79999 0
      vertex 5.94119 -6.39755 0
      vertex 6.08623 -7.79085 0
    endloop
  endfacet
  facet normal 0 0 -1
    outer loop
      vertex 5.89999 -7.79999 0
      vertex 5.89751 -6.3997 0
      vertex 5.94119 -6.39755 0
    endloop
  endfacet
  facet normal 0 0 -1
    outer loop
      vertex 5.89999 -7.79999 0
      vertex 5.89133 -6.4 0
      vertex 5.89751 -6.3997 0
    endloop
  endfacet
  facet normal 0 0 -1
    outer loop
      vertex 5.89999 -7.79999 0
      vertex -5.89133 -6.4 0
      vertex 5.89133 -6.4 0
    endloop
  endfacet
  facet normal 0 0 -1
    outer loop
      vertex -5.89999 -7.79999 0
      vertex -5.89133 -6.4 0
      vertex 5.89999 -7.79999 0
    endloop
  endfacet
  facet normal -0 0 -1
    outer loop
      vertex -5.89133 -6.4 0
      vertex -5.89999 -7.79999 0
      vertex -5.89751 -6.3997 0
    endloop
  endfacet
  facet normal 0 0 -1
    outer loop
      vertex -5.89999 -7.79999 0
      vertex -5.94119 -6.39755 0
      vertex -5.89751 -6.3997 0
    endloop
  endfacet
  facet normal 0 0 -1
    outer loop
      vertex -6.08623 -7.79085 0
      vertex -5.94119 -6.39755 0
      vertex -5.89999 -7.79999 0
    endloop
  endfacet
  facet normal -0 0 -1
    outer loop
      vertex -5.94119 -6.39755 0
      vertex -6.08623 -7.79085 0
      vertex -5.98445 -6.39113 0
    endloop
  endfacet
  facet normal 0 0 -1
    outer loop
      vertex -6.27066 -7.76349 0
      vertex -5.98445 -6.39113 0
      vertex -6.08623 -7.79085 0
    endloop
  endfacet
  facet normal -0 0 -1
    outer loop
      vertex -5.98445 -6.39113 0
      vertex -6.27066 -7.76349 0
      vertex -5.99057 -6.39022 0
    endloop
  endfacet
  facet normal -0 0 -1
    outer loop
      vertex -5.99057 -6.39022 0
      vertex -6.27066 -7.76349 0
      vertex -5.99657 -6.38872 0
    endloop
  endfacet
  facet normal -0 0 -1
    outer loop
      vertex -5.99657 -6.38872 0
      vertex -6.27066 -7.76349 0
      vertex -6.03899 -6.3781 0
    endloop
  endfacet
  facet normal 0 0 -1
    outer loop
      vertex -6.45154 -7.71819 0
      vertex -6.03899 -6.3781 0
      vertex -6.27066 -7.76349 0
    endloop
  endfacet
  facet normal -0 0 -1
    outer loop
      vertex -6.03899 -6.3781 0
      vertex -6.45154 -7.71819 0
      vertex -6.08017 -6.36337 0
    endloop
  endfacet
  facet normal 0 0 -1
    outer loop
      vertex -6.62709 -7.65536 0
      vertex -6.08017 -6.36337 0
      vertex -6.45154 -7.71819 0
    endloop
  endfacet
  facet normal -0 0 -1
    outer loop
      vertex -6.08017 -6.36337 0
      vertex -6.62709 -7.65536 0
      vertex -6.08599 -6.36128 0
    endloop
  endfacet
  facet normal -0 0 -1
    outer loop
      vertex -6.08599 -6.36128 0
      vertex -6.62709 -7.65536 0
      vertex -6.09158 -6.35864 0
    endloop
  endfacet
  facet normal -0 0 -1
    outer loop
      vertex -6.09158 -6.35864 0
      vertex -6.62709 -7.65536 0
      vertex -6.13112 -6.33994 0
    endloop
  endfacet
  facet normal 0 0 -1
    outer loop
      vertex -6.79565 -7.57564 0
      vertex -6.13112 -6.33994 0
      vertex -6.62709 -7.65536 0
    endloop
  endfacet
  facet normal -0 0 -1
    outer loop
      vertex -6.13112 -6.33994 0
      vertex -6.79565 -7.57564 0
      vertex -6.13642 -6.33676 0
    endloop
  endfacet
  facet normal -0 0 -1
    outer loop
      vertex -6.13642 -6.33676 0
      vertex -6.79565 -7.57564 0
      vertex -6.17393 -6.31428 0
    endloop
  endfacet
  facet normal 0 0 -1
    outer loop
      vertex -6.95558 -7.47978 0
      vertex -6.17393 -6.31428 0
      vertex -6.79565 -7.57564 0
    endloop
  endfacet
  facet normal -0 0 -1
    outer loop
      vertex -6.17393 -6.31428 0
      vertex -6.95558 -7.47978 0
      vertex -6.20906 -6.28822 0
    endloop
  endfacet
  facet normal 0 0 -1
    outer loop
      vertex -7.10535 -7.36871 0
      vertex -6.20906 -6.28822 0
      vertex -6.95558 -7.47978 0
    endloop
  endfacet
  facet normal -0 0 -1
    outer loop
      vertex -6.20906 -6.28822 0
      vertex -7.10535 -7.36871 0
      vertex -6.21403 -6.28454 0
    endloop
  endfacet
  facet normal -0 0 -1
    outer loop
      vertex -6.21403 -6.28454 0
      vertex -7.10535 -7.36871 0
      vertex -6.21861 -6.28038 0
    endloop
  endfacet
  facet normal -0 0 -1
    outer loop
      vertex -6.21861 -6.28038 0
      vertex -7.10535 -7.36871 0
      vertex -6.25101 -6.25101 0
    endloop
  endfacet
  facet normal 0 0 -1
    outer loop
      vertex -7.2435 -7.2435 0
      vertex -6.25101 -6.25101 0
      vertex -7.10535 -7.36871 0
    endloop
  endfacet
  facet normal -0 0 -1
    outer loop
      vertex -6.25101 -6.25101 0
      vertex -7.2435 -7.2435 0
      vertex -6.28038 -6.21861 0
    endloop
  endfacet
  facet normal 0 0 -1
    outer loop
      vertex -7.36871 -7.10535 0
      vertex -6.28038 -6.21861 0
      vertex -7.2435 -7.2435 0
    endloop
  endfacet
  facet normal -0 0 -1
    outer loop
      vertex -6.28038 -6.21861 0
      vertex -7.36871 -7.10535 0
      vertex -6.28454 -6.21403 0
    endloop
  endfacet
  facet normal -0 0 -1
    outer loop
      vertex -6.28454 -6.21403 0
      vertex -7.36871 -7.10535 0
      vertex -6.28822 -6.20906 0
    endloop
  endfacet
  facet normal -0 0 -1
    outer loop
      vertex -6.28822 -6.20906 0
      vertex -7.36871 -7.10535 0
      vertex -6.31428 -6.17393 0
    endloop
  endfacet
  facet normal 0 0 -1
    outer loop
      vertex -7.47978 -6.95558 0
      vertex -6.31428 -6.17393 0
      vertex -7.36871 -7.10535 0
    endloop
  endfacet
  facet normal -0 0 -1
    outer loop
      vertex -6.31428 -6.17393 0
      vertex -7.47978 -6.95558 0
      vertex -6.33676 -6.13642 0
    endloop
  endfacet
  facet normal 0 0 -1
    outer loop
      vertex -7.57564 -6.79565 0
      vertex -6.33676 -6.13642 0
      vertex -7.47978 -6.95558 0
    endloop
  endfacet
  facet normal -0 0 -1
    outer loop
      vertex -6.35864 -6.09158 0
      vertex -7.65536 -6.62709 0
      vertex -6.36128 -6.08599 0
    endloop
  endfacet
  facet normal 0 0 -1
    outer loop
      vertex -7.65536 -6.62709 0
      vertex -6.35864 -6.09158 0
      vertex -7.57564 -6.79565 0
    endloop
  endfacet
  facet normal -0 0 -1
    outer loop
      vertex -6.33994 -6.13112 0
      vertex -7.57564 -6.79565 0
      vertex -6.35864 -6.09158 0
    endloop
  endfacet
  facet normal -0 0 -1
    outer loop
      vertex -6.33676 -6.13642 0
      vertex -7.57564 -6.79565 0
      vertex -6.33994 -6.13112 0
    endloop
  endfacet
  facet normal 0 0 -1
    outer loop
      vertex 6.35864 6.09158 0
      vertex 7.65536 6.62709 0
      vertex 6.36128 6.08599 0
    endloop
  endfacet
  facet normal -0 0 -1
    outer loop
      vertex 7.65536 6.62709 0
      vertex 6.35864 6.09158 0
      vertex 7.57564 6.79565 0
    endloop
  endfacet
  facet normal 0 0 -1
    outer loop
      vertex 6.33994 6.13112 0
      vertex 7.57564 6.79565 0
      vertex 6.35864 6.09158 0
    endloop
  endfacet
  facet normal 0 0 -1
    outer loop
      vertex 6.33676 6.13642 0
      vertex 7.57564 6.79565 0
      vertex 6.33994 6.13112 0
    endloop
  endfacet
  facet normal -0 0 -1
    outer loop
      vertex 7.57564 6.79565 0
      vertex 6.33676 6.13642 0
      vertex 7.47978 6.95558 0
    endloop
  endfacet
  facet normal 0 0 -1
    outer loop
      vertex 6.31428 6.17393 0
      vertex 7.47978 6.95558 0
      vertex 6.33676 6.13642 0
    endloop
  endfacet
  facet normal -0 0 -1
    outer loop
      vertex 7.47978 6.95558 0
      vertex 6.31428 6.17393 0
      vertex 7.36871 7.10535 0
    endloop
  endfacet
  facet normal 0 0 -1
    outer loop
      vertex 6.28822 6.20906 0
      vertex 7.36871 7.10535 0
      vertex 6.31428 6.17393 0
    endloop
  endfacet
  facet normal 0 0 -1
    outer loop
      vertex 6.28454 6.21403 0
      vertex 7.36871 7.10535 0
      vertex 6.28822 6.20906 0
    endloop
  endfacet
  facet normal 0 0 -1
    outer loop
      vertex 6.28038 6.21861 0
      vertex 7.36871 7.10535 0
      vertex 6.28454 6.21403 0
    endloop
  endfacet
  facet normal -0 0 -1
    outer loop
      vertex 7.36871 7.10535 0
      vertex 6.28038 6.21861 0
      vertex 7.2435 7.2435 0
    endloop
  endfacet
  facet normal 0 0 -1
    outer loop
      vertex 6.25101 6.25101 0
      vertex 7.2435 7.2435 0
      vertex 6.28038 6.21861 0
    endloop
  endfacet
  facet normal -0 0 -1
    outer loop
      vertex 7.2435 7.2435 0
      vertex 6.25101 6.25101 0
      vertex 7.10535 7.36871 0
    endloop
  endfacet
  facet normal 0 0 -1
    outer loop
      vertex 6.21861 6.28038 0
      vertex 7.10535 7.36871 0
      vertex 6.25101 6.25101 0
    endloop
  endfacet
  facet normal 0 0 -1
    outer loop
      vertex 6.21403 6.28454 0
      vertex 7.10535 7.36871 0
      vertex 6.21861 6.28038 0
    endloop
  endfacet
  facet normal 0 0 -1
    outer loop
      vertex 6.20906 6.28822 0
      vertex 7.10535 7.36871 0
      vertex 6.21403 6.28454 0
    endloop
  endfacet
  facet normal -0 0 -1
    outer loop
      vertex 7.10535 7.36871 0
      vertex 6.20906 6.28822 0
      vertex 6.95558 7.47978 0
    endloop
  endfacet
  facet normal 0 0 -1
    outer loop
      vertex 6.17393 6.31428 0
      vertex 6.95558 7.47978 0
      vertex 6.20906 6.28822 0
    endloop
  endfacet
  facet normal -0 0 -1
    outer loop
      vertex 6.95558 7.47978 0
      vertex 6.17393 6.31428 0
      vertex 6.79565 7.57564 0
    endloop
  endfacet
  facet normal 0 0 -1
    outer loop
      vertex 6.13642 6.33676 0
      vertex 6.79565 7.57564 0
      vertex 6.17393 6.31428 0
    endloop
  endfacet
  facet normal 0 0 -1
    outer loop
      vertex 6.13112 6.33994 0
      vertex 6.79565 7.57564 0
      vertex 6.13642 6.33676 0
    endloop
  endfacet
  facet normal -0 0 -1
    outer loop
      vertex 6.79565 7.57564 0
      vertex 6.13112 6.33994 0
      vertex 6.62709 7.65536 0
    endloop
  endfacet
  facet normal 0 0 -1
    outer loop
      vertex 6.09158 6.35864 0
      vertex 6.62709 7.65536 0
      vertex 6.13112 6.33994 0
    endloop
  endfacet
  facet normal 0 0 -1
    outer loop
      vertex 6.08599 6.36128 0
      vertex 6.62709 7.65536 0
      vertex 6.09158 6.35864 0
    endloop
  endfacet
  facet normal 0 0 -1
    outer loop
      vertex 6.08017 6.36337 0
      vertex 6.62709 7.65536 0
      vertex 6.08599 6.36128 0
    endloop
  endfacet
  facet normal -0 0 -1
    outer loop
      vertex 6.62709 7.65536 0
      vertex 6.08017 6.36337 0
      vertex 6.45154 7.71819 0
    endloop
  endfacet
  facet normal 0 0 -1
    outer loop
      vertex 6.03899 6.3781 0
      vertex 6.45154 7.71819 0
      vertex 6.08017 6.36337 0
    endloop
  endfacet
  facet normal -0 0 -1
    outer loop
      vertex 6.45154 7.71819 0
      vertex 6.03899 6.3781 0
      vertex 6.27066 7.76349 0
    endloop
  endfacet
  facet normal 0 0 -1
    outer loop
      vertex 5.99657 6.38872 0
      vertex 6.27066 7.76349 0
      vertex 6.03899 6.3781 0
    endloop
  endfacet
  facet normal 0 0 -1
    outer loop
      vertex 5.99057 6.39022 0
      vertex 6.27066 7.76349 0
      vertex 5.99657 6.38872 0
    endloop
  endfacet
  facet normal 0 0 -1
    outer loop
      vertex 5.98445 6.39113 0
      vertex 6.27066 7.76349 0
      vertex 5.99057 6.39022 0
    endloop
  endfacet
  facet normal -0 0 -1
    outer loop
      vertex 6.27066 7.76349 0
      vertex 5.98445 6.39113 0
      vertex 6.08623 7.79085 0
    endloop
  endfacet
  facet normal 0 0 -1
    outer loop
      vertex 5.94119 6.39755 0
      vertex 6.08623 7.79085 0
      vertex 5.98445 6.39113 0
    endloop
  endfacet
  facet normal 0 0 -1
    outer loop
      vertex 5.94119 6.39755 0
      vertex 5.89999 7.79999 0
      vertex 6.08623 7.79085 0
    endloop
  endfacet
  facet normal 0 0 -1
    outer loop
      vertex 5.89751 6.3997 0
      vertex 5.89999 7.79999 0
      vertex 5.94119 6.39755 0
    endloop
  endfacet
  facet normal 0 0 -1
    outer loop
      vertex 5.89133 6.4 0
      vertex 5.89999 7.79999 0
      vertex 5.89751 6.3997 0
    endloop
  endfacet
  facet normal 0 0 -1
    outer loop
      vertex -5.89133 6.4 0
      vertex 5.89999 7.79999 0
      vertex 5.89133 6.4 0
    endloop
  endfacet
  facet normal 0 0 -1
    outer loop
      vertex -5.89999 7.79999 0
      vertex -5.89133 6.4 0
      vertex -5.89751 6.3997 0
    endloop
  endfacet
  facet normal 0 0 -1
    outer loop
      vertex -5.89133 6.4 0
      vertex -5.89999 7.79999 0
      vertex 5.89999 7.79999 0
    endloop
  endfacet
  facet normal 0 0 -1
    outer loop
      vertex -5.94119 6.39755 0
      vertex -5.89999 7.79999 0
      vertex -5.89751 6.3997 0
    endloop
  endfacet
  facet normal 0 0 -1
    outer loop
      vertex -6.08623 7.79085 0
      vertex -5.94119 6.39755 0
      vertex -5.98445 6.39113 0
    endloop
  endfacet
  facet normal 0 0 -1
    outer loop
      vertex -6.27066 7.76349 0
      vertex -5.98445 6.39113 0
      vertex -5.99057 6.39022 0
    endloop
  endfacet
  facet normal 0 0 -1
    outer loop
      vertex -6.27066 7.76349 0
      vertex -5.99057 6.39022 0
      vertex -5.99657 6.38872 0
    endloop
  endfacet
  facet normal 0 0 -1
    outer loop
      vertex -6.27066 7.76349 0
      vertex -5.99657 6.38872 0
      vertex -6.03899 6.3781 0
    endloop
  endfacet
  facet normal 0 0 -1
    outer loop
      vertex -6.45154 7.71819 0
      vertex -6.03899 6.3781 0
      vertex -6.08017 6.36337 0
    endloop
  endfacet
  facet normal 0 0 -1
    outer loop
      vertex -6.62709 7.65536 0
      vertex -6.08017 6.36337 0
      vertex -6.08599 6.36128 0
    endloop
  endfacet
  facet normal 0 0 -1
    outer loop
      vertex -5.94119 6.39755 0
      vertex -6.08623 7.79085 0
      vertex -5.89999 7.79999 0
    endloop
  endfacet
  facet normal 0 0 -1
    outer loop
      vertex -6.62709 7.65536 0
      vertex -6.08599 6.36128 0
      vertex -6.09158 6.35864 0
    endloop
  endfacet
  facet normal 0 0 -1
    outer loop
      vertex -6.62709 7.65536 0
      vertex -6.09158 6.35864 0
      vertex -6.13112 6.33994 0
    endloop
  endfacet
  facet normal 0 0 -1
    outer loop
      vertex -6.79565 7.57564 0
      vertex -6.13112 6.33994 0
      vertex -6.13642 6.33676 0
    endloop
  endfacet
  facet normal 0 0 -1
    outer loop
      vertex -6.79565 7.57564 0
      vertex -6.13642 6.33676 0
      vertex -6.17393 6.31428 0
    endloop
  endfacet
  facet normal 0 0 -1
    outer loop
      vertex -6.95558 7.47978 0
      vertex -6.17393 6.31428 0
      vertex -6.20906 6.28822 0
    endloop
  endfacet
  facet normal 0 0 -1
    outer loop
      vertex -7.10535 7.36871 0
      vertex -6.20906 6.28822 0
      vertex -6.21403 6.28454 0
    endloop
  endfacet
  facet normal 0 0 -1
    outer loop
      vertex -7.10535 7.36871 0
      vertex -6.21403 6.28454 0
      vertex -6.21861 6.28038 0
    endloop
  endfacet
  facet normal 0 0 -1
    outer loop
      vertex -7.10535 7.36871 0
      vertex -6.21861 6.28038 0
      vertex -6.25101 6.25101 0
    endloop
  endfacet
  facet normal 0 0 -1
    outer loop
      vertex -5.98445 6.39113 0
      vertex -6.27066 7.76349 0
      vertex -6.08623 7.79085 0
    endloop
  endfacet
  facet normal 0 0 -1
    outer loop
      vertex -7.2435 7.2435 0
      vertex -6.25101 6.25101 0
      vertex -6.28038 6.21861 0
    endloop
  endfacet
  facet normal 0 0 -1
    outer loop
      vertex -7.36871 7.10535 0
      vertex -6.28038 6.21861 0
      vertex -6.28454 6.21403 0
    endloop
  endfacet
  facet normal 0 0 -1
    outer loop
      vertex -7.36871 7.10535 0
      vertex -6.28454 6.21403 0
      vertex -6.28822 6.20906 0
    endloop
  endfacet
  facet normal 0 0 -1
    outer loop
      vertex -7.36871 7.10535 0
      vertex -6.28822 6.20906 0
      vertex -6.31428 6.17393 0
    endloop
  endfacet
  facet normal 0 0 -1
    outer loop
      vertex -7.47978 6.95558 0
      vertex -6.31428 6.17393 0
      vertex -6.33676 6.13642 0
    endloop
  endfacet
  facet normal 0 0 -1
    outer loop
      vertex -7.57564 6.79565 0
      vertex -6.33676 6.13642 0
      vertex -6.33994 6.13112 0
    endloop
  endfacet
  facet normal 0 0 -1
    outer loop
      vertex -7.57564 6.79565 0
      vertex -6.33994 6.13112 0
      vertex -6.35864 6.09158 0
    endloop
  endfacet
  facet normal 0 0 -1
    outer loop
      vertex -7.65536 6.62709 0
      vertex -6.35864 6.09158 0
      vertex -6.36128 6.08599 0
    endloop
  endfacet
  facet normal 0 0 -1
    outer loop
      vertex -7.65536 6.62709 0
      vertex -6.36128 6.08599 0
      vertex -6.36337 6.08017 0
    endloop
  endfacet
  facet normal 0 0 -1
    outer loop
      vertex -7.71819 6.45154 0
      vertex -6.36337 6.08017 0
      vertex -6.3781 6.03899 0
    endloop
  endfacet
  facet normal 0 0 -1
    outer loop
      vertex -7.71819 6.45154 0
      vertex -6.3781 6.03899 0
      vertex -6.38872 5.99657 0
    endloop
  endfacet
  facet normal 0 0 -1
    outer loop
      vertex -7.76349 6.27066 0
      vertex -6.38872 5.99657 0
      vertex -6.39022 5.99057 0
    endloop
  endfacet
  facet normal 0 0 -1
    outer loop
      vertex -7.76349 6.27066 0
      vertex -6.39022 5.99057 0
      vertex -6.39113 5.98445 0
    endloop
  endfacet
  facet normal 0 0 -1
    outer loop
      vertex -7.79085 6.08623 0
      vertex -6.39113 5.98445 0
      vertex -6.39755 5.94119 0
    endloop
  endfacet
  facet normal 0 0 -1
    outer loop
      vertex -6.03899 6.3781 0
      vertex -6.45154 7.71819 0
      vertex -6.27066 7.76349 0
    endloop
  endfacet
  facet normal 0 0 -1
    outer loop
      vertex -7.79085 6.08623 0
      vertex -6.39755 5.94119 0
      vertex -6.3997 5.89751 0
    endloop
  endfacet
  facet normal 0 0 -1
    outer loop
      vertex -7.79999 5.89999 0
      vertex -6.3997 5.89751 0
      vertex -6.4 5.89133 0
    endloop
  endfacet
  facet normal -0 0 -1
    outer loop
      vertex -6.4 -5.89133 0
      vertex -7.79999 -5.89999 0
      vertex -6.4 5.89133 0
    endloop
  endfacet
  facet normal -0 0 -1
    outer loop
      vertex -6.36128 -6.08599 0
      vertex -7.65536 -6.62709 0
      vertex -6.36337 -6.08017 0
    endloop
  endfacet
  facet normal 0 0 -1
    outer loop
      vertex -7.79999 5.89999 0
      vertex -6.4 5.89133 0
      vertex -7.79999 -5.89999 0
    endloop
  endfacet
  facet normal 0 0 -1
    outer loop
      vertex -7.71819 -6.45154 0
      vertex -6.36337 -6.08017 0
      vertex -7.65536 -6.62709 0
    endloop
  endfacet
  facet normal 0 0 -1
    outer loop
      vertex -6.3997 5.89751 0
      vertex -7.79999 5.89999 0
      vertex -7.79085 6.08623 0
    endloop
  endfacet
  facet normal -0 0 -1
    outer loop
      vertex -6.36337 -6.08017 0
      vertex -7.71819 -6.45154 0
      vertex -6.3781 -6.03899 0
    endloop
  endfacet
  facet normal 0 0 -1
    outer loop
      vertex -6.08017 6.36337 0
      vertex -6.62709 7.65536 0
      vertex -6.45154 7.71819 0
    endloop
  endfacet
  facet normal -0 0 -1
    outer loop
      vertex -6.3781 -6.03899 0
      vertex -7.71819 -6.45154 0
      vertex -6.38872 -5.99657 0
    endloop
  endfacet
  facet normal 0 0 -1
    outer loop
      vertex -6.13112 6.33994 0
      vertex -6.79565 7.57564 0
      vertex -6.62709 7.65536 0
    endloop
  endfacet
  facet normal 0 0 -1
    outer loop
      vertex -7.76349 -6.27066 0
      vertex -6.38872 -5.99657 0
      vertex -7.71819 -6.45154 0
    endloop
  endfacet
  facet normal 0 0 -1
    outer loop
      vertex -6.17393 6.31428 0
      vertex -6.95558 7.47978 0
      vertex -6.79565 7.57564 0
    endloop
  endfacet
  facet normal -0 0 -1
    outer loop
      vertex -6.38872 -5.99657 0
      vertex -7.76349 -6.27066 0
      vertex -6.39022 -5.99057 0
    endloop
  endfacet
  facet normal 0 0 -1
    outer loop
      vertex -6.20906 6.28822 0
      vertex -7.10535 7.36871 0
      vertex -6.95558 7.47978 0
    endloop
  endfacet
  facet normal -0 0 -1
    outer loop
      vertex -6.39022 -5.99057 0
      vertex -7.76349 -6.27066 0
      vertex -6.39113 -5.98445 0
    endloop
  endfacet
  facet normal 0 0 -1
    outer loop
      vertex -6.25101 6.25101 0
      vertex -7.2435 7.2435 0
      vertex -7.10535 7.36871 0
    endloop
  endfacet
  facet normal 0 0 -1
    outer loop
      vertex -7.79085 -6.08623 0
      vertex -6.39113 -5.98445 0
      vertex -7.76349 -6.27066 0
    endloop
  endfacet
  facet normal 0 0 -1
    outer loop
      vertex -6.28038 6.21861 0
      vertex -7.36871 7.10535 0
      vertex -7.2435 7.2435 0
    endloop
  endfacet
  facet normal -0 0 -1
    outer loop
      vertex -6.39113 -5.98445 0
      vertex -7.79085 -6.08623 0
      vertex -6.39755 -5.94119 0
    endloop
  endfacet
  facet normal 0 0 -1
    outer loop
      vertex -6.31428 6.17393 0
      vertex -7.47978 6.95558 0
      vertex -7.36871 7.10535 0
    endloop
  endfacet
  facet normal -0 0 -1
    outer loop
      vertex -6.39755 -5.94119 0
      vertex -7.79085 -6.08623 0
      vertex -6.3997 -5.89751 0
    endloop
  endfacet
  facet normal 0 0 -1
    outer loop
      vertex -6.33676 6.13642 0
      vertex -7.57564 6.79565 0
      vertex -7.47978 6.95558 0
    endloop
  endfacet
  facet normal 0 0 -1
    outer loop
      vertex -7.79999 -5.89999 0
      vertex -6.3997 -5.89751 0
      vertex -7.79085 -6.08623 0
    endloop
  endfacet
  facet normal 0 0 -1
    outer loop
      vertex -6.35864 6.09158 0
      vertex -7.65536 6.62709 0
      vertex -7.57564 6.79565 0
    endloop
  endfacet
  facet normal -0 0 -1
    outer loop
      vertex -6.3997 -5.89751 0
      vertex -7.79999 -5.89999 0
      vertex -6.4 -5.89133 0
    endloop
  endfacet
  facet normal 0 0 -1
    outer loop
      vertex -6.36337 6.08017 0
      vertex -7.71819 6.45154 0
      vertex -7.65536 6.62709 0
    endloop
  endfacet
  facet normal 0 0 -1
    outer loop
      vertex -6.38872 5.99657 0
      vertex -7.76349 6.27066 0
      vertex -7.71819 6.45154 0
    endloop
  endfacet
  facet normal 0 0 -1
    outer loop
      vertex -6.39113 5.98445 0
      vertex -7.79085 6.08623 0
      vertex -7.76349 6.27066 0
    endloop
  endfacet
  facet normal -0.940348 0.235515 -0.245516
    outer loop
      vertex -7.71819 6.45154 0
      vertex -8.95787 7.23538 5.5
      vertex -8.9056 7.44408 5.5
    endloop
  endfacet
  facet normal -0.235515 -0.940348 -0.245516
    outer loop
      vertex -7.23538 -8.95787 5.5
      vertex -7.44408 -8.9056 5.5
      vertex -6.45154 -7.71819 0
    endloop
  endfacet
  facet normal -0.712356 -0.645632 -0.27515
    outer loop
      vertex -7.2435 -7.2435 0
      vertex -8.50236 -8.19848 5.5
      vertex -7.36871 -7.10535 0
    endloop
  endfacet
  facet normal -0.645658 -0.712333 -0.275149
    outer loop
      vertex -8.19848 -8.50236 5.5
      vertex -8.35788 -8.35788 5.5
      vertex -7.2435 -7.2435 0
    endloop
  endfacet
  facet normal -0.712333 -0.645658 -0.275149
    outer loop
      vertex -8.35788 -8.35788 5.5
      vertex -8.50236 -8.19848 5.5
      vertex -7.2435 -7.2435 0
    endloop
  endfacet
  facet normal -0.77268 -0.573022 -0.273152
    outer loop
      vertex -7.36871 -7.10535 0
      vertex -8.50236 -8.19848 5.5
      vertex -7.47978 -6.95558 0
    endloop
  endfacet
  facet normal 0.235504 -0.940351 -0.245515
    outer loop
      vertex 7.23538 -8.95787 5.5
      vertex 6.27066 -7.76349 0
      vertex 6.45154 -7.71819 0
    endloop
  endfacet
  facet normal 0.712333 -0.645658 -0.275149
    outer loop
      vertex 8.35788 -8.35788 5.5
      vertex 7.2435 -7.2435 0
      vertex 8.50236 -8.19848 5.5
    endloop
  endfacet
  facet normal 0.645632 0.712356 -0.27515
    outer loop
      vertex 7.2435 7.2435 0
      vertex 7.10535 7.36871 0
      vertex 8.19848 8.50236 5.5
    endloop
  endfacet
  facet normal 0.325775 0.910319 -0.255321
    outer loop
      vertex 7.64664 8.83311 5.5
      vertex 6.45154 7.71819 0
      vertex 7.44408 8.9056 5.5
    endloop
  endfacet
  facet normal 0.142673 0.961741 -0.233877
    outer loop
      vertex 7.23538 8.95787 5.5
      vertex 6.08623 7.79085 0
      vertex 7.02257 8.98944 5.5
    endloop
  endfacet
  facet normal 0.573032 0.772672 -0.273153
    outer loop
      vertex 8.19848 8.50236 5.5
      vertex 6.95558 7.47978 0
      vertex 8.02567 8.63052 5.5
    endloop
  endfacet
  facet normal 0.495119 0.826079 -0.269168
    outer loop
      vertex 8.02567 8.63052 5.5
      vertex 6.95558 7.47978 0
      vertex 7.84114 8.74112 5.5
    endloop
  endfacet
  facet normal 0.412466 0.872119 -0.263212
    outer loop
      vertex 6.79565 7.57564 0
      vertex 6.62709 7.65536 0
      vertex 7.84114 8.74112 5.5
    endloop
  endfacet
  facet normal -0.325803 0.910309 -0.255325
    outer loop
      vertex -6.62709 7.65536 0
      vertex -7.64664 8.83311 5.5
      vertex -6.45154 7.71819 0
    endloop
  endfacet
  facet normal -0.495119 0.826079 -0.269168
    outer loop
      vertex -6.95558 7.47978 0
      vertex -8.02567 8.63052 5.5
      vertex -7.84114 8.74112 5.5
    endloop
  endfacet
  facet normal -0.645658 0.712333 -0.275149
    outer loop
      vertex -7.2435 7.2435 0
      vertex -8.35788 8.35788 5.5
      vertex -8.19848 8.50236 5.5
    endloop
  endfacet
  facet normal -0.573022 0.77268 -0.273152
    outer loop
      vertex -7.10535 7.36871 0
      vertex -8.19848 8.50236 5.5
      vertex -6.95558 7.47978 0
    endloop
  endfacet
  facet normal -0.872115 0.412473 -0.263213
    outer loop
      vertex -7.65536 6.62709 0
      vertex -8.83311 7.64664 5.5
      vertex -8.74112 7.84114 5.5
    endloop
  endfacet
  facet normal -0.961741 0.142673 -0.233877
    outer loop
      vertex -7.79085 6.08623 0
      vertex -8.95787 7.23538 5.5
      vertex -7.76349 6.27066 0
    endloop
  endfacet
  facet normal -0.826069 -0.495135 -0.269168
    outer loop
      vertex -7.47978 -6.95558 0
      vertex -8.74112 -7.84114 5.5
      vertex -7.57564 -6.79565 0
    endloop
  endfacet
  facet normal -0.910309 -0.325803 -0.255325
    outer loop
      vertex -7.65536 -6.62709 0
      vertex -8.83311 -7.64664 5.5
      vertex -7.71819 -6.45154 0
    endloop
  endfacet
  facet normal -0.325803 -0.910309 -0.255325
    outer loop
      vertex -6.45154 -7.71819 0
      vertex -7.64664 -8.83311 5.5
      vertex -6.62709 -7.65536 0
    endloop
  endfacet
  facet normal -0.325775 -0.910319 -0.255321
    outer loop
      vertex -7.44408 -8.9056 5.5
      vertex -7.64664 -8.83311 5.5
      vertex -6.45154 -7.71819 0
    endloop
  endfacet
  facet normal -0.495135 -0.826069 -0.269168
    outer loop
      vertex -6.79565 -7.57564 0
      vertex -7.84114 -8.74112 5.5
      vertex -6.95558 -7.47978 0
    endloop
  endfacet
  facet normal -0.645632 -0.712356 -0.27515
    outer loop
      vertex -7.10535 -7.36871 0
      vertex -8.19848 -8.50236 5.5
      vertex -7.2435 -7.2435 0
    endloop
  endfacet
  facet normal 0.235515 -0.940348 -0.245516
    outer loop
      vertex 7.23538 -8.95787 5.5
      vertex 6.45154 -7.71819 0
      vertex 7.44408 -8.9056 5.5
    endloop
  endfacet
  facet normal 0.645658 -0.712333 -0.275149
    outer loop
      vertex 8.19848 -8.50236 5.5
      vertex 7.2435 -7.2435 0
      vertex 8.35788 -8.35788 5.5
    endloop
  endfacet
  facet normal 0.910319 0.325775 -0.255321
    outer loop
      vertex 8.9056 7.44408 5.5
      vertex 7.71819 6.45154 0
      vertex 8.83311 7.64664 5.5
    endloop
  endfacet
  facet normal 0.977016 0 -0.213167
    outer loop
      vertex 8.99999 6.80768 5.5
      vertex 7.79999 -5.89999 0
      vertex 7.79999 5.89999 0
    endloop
  endfacet
  facet normal 0.977016 0 -0.213167
    outer loop
      vertex 7.79999 -5.89999 0
      vertex 8.99999 6.80768 5.5
      vertex 8.99999 -6.80768 5.5
    endloop
  endfacet
  facet normal 0.974226 -0.0478116 -0.220449
    outer loop
      vertex 8.99999 -6.80768 5.5
      vertex 7.79085 -6.08623 0
      vertex 7.79999 -5.89999 0
    endloop
  endfacet
  facet normal 0.573022 0.77268 -0.273152
    outer loop
      vertex 7.10535 7.36871 0
      vertex 6.95558 7.47978 0
      vertex 8.19848 8.50236 5.5
    endloop
  endfacet
  facet normal 0.142673 0.961741 -0.233877
    outer loop
      vertex 6.27066 7.76349 0
      vertex 6.08623 7.79085 0
      vertex 7.23538 8.95787 5.5
    endloop
  endfacet
  facet normal 0.235504 0.940351 -0.245515
    outer loop
      vertex 6.45154 7.71819 0
      vertex 6.27066 7.76349 0
      vertex 7.23538 8.95787 5.5
    endloop
  endfacet
  facet normal 0.325803 0.910309 -0.255325
    outer loop
      vertex 6.62709 7.65536 0
      vertex 6.45154 7.71819 0
      vertex 7.64664 8.83311 5.5
    endloop
  endfacet
  facet normal 0.412473 0.872115 -0.263213
    outer loop
      vertex 7.84114 8.74112 5.5
      vertex 6.62709 7.65536 0
      vertex 7.64664 8.83311 5.5
    endloop
  endfacet
  facet normal -0.235504 0.940351 -0.245515
    outer loop
      vertex -6.45154 7.71819 0
      vertex -7.23538 8.95787 5.5
      vertex -6.27066 7.76349 0
    endloop
  endfacet
  facet normal -0.412466 0.872119 -0.263212
    outer loop
      vertex -6.79565 7.57564 0
      vertex -7.84114 8.74112 5.5
      vertex -6.62709 7.65536 0
    endloop
  endfacet
  facet normal -0.645632 0.712356 -0.27515
    outer loop
      vertex -7.2435 7.2435 0
      vertex -8.19848 8.50236 5.5
      vertex -7.10535 7.36871 0
    endloop
  endfacet
  facet normal -0.826069 0.495135 -0.269168
    outer loop
      vertex -7.57564 6.79565 0
      vertex -8.74112 7.84114 5.5
      vertex -7.47978 6.95558 0
    endloop
  endfacet
  facet normal -0.974226 0.0478116 -0.220449
    outer loop
      vertex -7.79999 5.89999 0
      vertex -8.99999 6.80768 5.5
      vertex -7.79085 6.08623 0
    endloop
  endfacet
  facet normal -0.961741 0.142673 -0.233877
    outer loop
      vertex -7.79085 6.08623 0
      vertex -8.98944 7.02257 5.5
      vertex -8.95787 7.23538 5.5
    endloop
  endfacet
  facet normal -0.961741 -0.142673 -0.233877
    outer loop
      vertex -8.95787 -7.23538 5.5
      vertex -8.98944 -7.02257 5.5
      vertex -7.79085 -6.08623 0
    endloop
  endfacet
  facet normal -0.974225 -0.0478294 -0.220451
    outer loop
      vertex -8.98944 -7.02257 5.5
      vertex -8.99999 -6.80768 5.5
      vertex -7.79085 -6.08623 0
    endloop
  endfacet
  facet normal -0.940351 -0.235504 -0.245515
    outer loop
      vertex -7.71819 -6.45154 0
      vertex -8.95787 -7.23538 5.5
      vertex -7.76349 -6.27066 0
    endloop
  endfacet
  facet normal -0.940348 -0.235515 -0.245516
    outer loop
      vertex -8.9056 -7.44408 5.5
      vertex -8.95787 -7.23538 5.5
      vertex -7.71819 -6.45154 0
    endloop
  endfacet
  facet normal -0.772672 -0.573032 -0.273153
    outer loop
      vertex -8.50236 -8.19848 5.5
      vertex -8.63052 -8.02567 5.5
      vertex -7.47978 -6.95558 0
    endloop
  endfacet
  facet normal -0.826079 -0.495119 -0.269168
    outer loop
      vertex -8.63052 -8.02567 5.5
      vertex -8.74112 -7.84114 5.5
      vertex -7.47978 -6.95558 0
    endloop
  endfacet
  facet normal -0.872119 -0.412466 -0.263212
    outer loop
      vertex -7.57564 -6.79565 0
      vertex -8.74112 -7.84114 5.5
      vertex -7.65536 -6.62709 0
    endloop
  endfacet
  facet normal -0.573032 -0.772672 -0.273153
    outer loop
      vertex -8.02567 -8.63052 5.5
      vertex -8.19848 -8.50236 5.5
      vertex -6.95558 -7.47978 0
    endloop
  endfacet
  facet normal -0.495119 -0.826079 -0.269168
    outer loop
      vertex -7.84114 -8.74112 5.5
      vertex -8.02567 -8.63052 5.5
      vertex -6.95558 -7.47978 0
    endloop
  endfacet
  facet normal -0.412466 -0.872119 -0.263212
    outer loop
      vertex -6.62709 -7.65536 0
      vertex -7.84114 -8.74112 5.5
      vertex -6.79565 -7.57564 0
    endloop
  endfacet
  facet normal -0.573022 -0.77268 -0.273152
    outer loop
      vertex -6.95558 -7.47978 0
      vertex -8.19848 -8.50236 5.5
      vertex -7.10535 -7.36871 0
    endloop
  endfacet
  facet normal 0.412473 -0.872115 -0.263213
    outer loop
      vertex 7.64664 -8.83311 5.5
      vertex 6.62709 -7.65536 0
      vertex 7.84114 -8.74112 5.5
    endloop
  endfacet
  facet normal 0.872115 -0.412473 -0.263213
    outer loop
      vertex 8.74112 -7.84114 5.5
      vertex 7.65536 -6.62709 0
      vertex 8.83311 -7.64664 5.5
    endloop
  endfacet
  facet normal 0.910319 -0.325775 -0.255321
    outer loop
      vertex 8.83311 -7.64664 5.5
      vertex 7.71819 -6.45154 0
      vertex 8.9056 -7.44408 5.5
    endloop
  endfacet
  facet normal 0.910309 -0.325803 -0.255325
    outer loop
      vertex 8.83311 -7.64664 5.5
      vertex 7.65536 -6.62709 0
      vertex 7.71819 -6.45154 0
    endloop
  endfacet
  facet normal 0.645632 -0.712356 -0.27515
    outer loop
      vertex 8.19848 -8.50236 5.5
      vertex 7.10535 -7.36871 0
      vertex 7.2435 -7.2435 0
    endloop
  endfacet
  facet normal 0.712356 -0.645632 -0.27515
    outer loop
      vertex 8.50236 -8.19848 5.5
      vertex 7.2435 -7.2435 0
      vertex 7.36871 -7.10535 0
    endloop
  endfacet
  facet normal -0.712356 0.645632 -0.27515
    outer loop
      vertex -7.36871 7.10535 0
      vertex -8.50236 8.19848 5.5
      vertex -7.2435 7.2435 0
    endloop
  endfacet
  facet normal -0.712333 0.645658 -0.275149
    outer loop
      vertex -7.2435 7.2435 0
      vertex -8.50236 8.19848 5.5
      vertex -8.35788 8.35788 5.5
    endloop
  endfacet
  facet normal -0.826079 0.495119 -0.269168
    outer loop
      vertex -7.47978 6.95558 0
      vertex -8.74112 7.84114 5.5
      vertex -8.63052 8.02567 5.5
    endloop
  endfacet
  facet normal -0.910319 0.325775 -0.255321
    outer loop
      vertex -7.71819 6.45154 0
      vertex -8.9056 7.44408 5.5
      vertex -8.83311 7.64664 5.5
    endloop
  endfacet
  facet normal -0.910309 0.325803 -0.255325
    outer loop
      vertex -7.71819 6.45154 0
      vertex -8.83311 7.64664 5.5
      vertex -7.65536 6.62709 0
    endloop
  endfacet
  facet normal -0.961741 -0.142673 -0.233877
    outer loop
      vertex -7.76349 -6.27066 0
      vertex -8.95787 -7.23538 5.5
      vertex -7.79085 -6.08623 0
    endloop
  endfacet
  facet normal 0.325775 -0.910319 -0.255321
    outer loop
      vertex 7.44408 -8.9056 5.5
      vertex 6.45154 -7.71819 0
      vertex 7.64664 -8.83311 5.5
    endloop
  endfacet
  facet normal 0.325803 -0.910309 -0.255325
    outer loop
      vertex 7.64664 -8.83311 5.5
      vertex 6.45154 -7.71819 0
      vertex 6.62709 -7.65536 0
    endloop
  endfacet
  facet normal 0.495135 -0.826069 -0.269168
    outer loop
      vertex 7.84114 -8.74112 5.5
      vertex 6.79565 -7.57564 0
      vertex 6.95558 -7.47978 0
    endloop
  endfacet
  facet normal 0.826079 -0.495119 -0.269168
    outer loop
      vertex 8.63052 -8.02567 5.5
      vertex 7.47978 -6.95558 0
      vertex 8.74112 -7.84114 5.5
    endloop
  endfacet
  facet normal 0.872119 -0.412466 -0.263212
    outer loop
      vertex 8.74112 -7.84114 5.5
      vertex 7.57564 -6.79565 0
      vertex 7.65536 -6.62709 0
    endloop
  endfacet
  facet normal 0.940348 -0.235515 -0.245516
    outer loop
      vertex 8.9056 -7.44408 5.5
      vertex 7.71819 -6.45154 0
      vertex 8.95787 -7.23538 5.5
    endloop
  endfacet
  facet normal 0.961741 0.142673 -0.233877
    outer loop
      vertex 8.98944 7.02257 5.5
      vertex 7.79085 6.08623 0
      vertex 8.95787 7.23538 5.5
    endloop
  endfacet
  facet normal 0.974225 0.0478294 -0.220451
    outer loop
      vertex 8.99999 6.80768 5.5
      vertex 7.79085 6.08623 0
      vertex 8.98944 7.02257 5.5
    endloop
  endfacet
  facet normal 0.826069 0.495135 -0.269168
    outer loop
      vertex 7.57564 6.79565 0
      vertex 7.47978 6.95558 0
      vertex 8.74112 7.84114 5.5
    endloop
  endfacet
  facet normal -0.772672 0.573032 -0.273153
    outer loop
      vertex -7.47978 6.95558 0
      vertex -8.63052 8.02567 5.5
      vertex -8.50236 8.19848 5.5
    endloop
  endfacet
  facet normal -0.77268 0.573022 -0.273152
    outer loop
      vertex -7.47978 6.95558 0
      vertex -8.50236 8.19848 5.5
      vertex -7.36871 7.10535 0
    endloop
  endfacet
  facet normal -0.940351 0.235504 -0.245515
    outer loop
      vertex -7.76349 6.27066 0
      vertex -8.95787 7.23538 5.5
      vertex -7.71819 6.45154 0
    endloop
  endfacet
  facet normal 0.412466 -0.872119 -0.263212
    outer loop
      vertex 7.84114 -8.74112 5.5
      vertex 6.62709 -7.65536 0
      vertex 6.79565 -7.57564 0
    endloop
  endfacet
  facet normal 0.573022 -0.77268 -0.273152
    outer loop
      vertex 8.19848 -8.50236 5.5
      vertex 6.95558 -7.47978 0
      vertex 7.10535 -7.36871 0
    endloop
  endfacet
  facet normal 0.826069 -0.495135 -0.269168
    outer loop
      vertex 8.74112 -7.84114 5.5
      vertex 7.47978 -6.95558 0
      vertex 7.57564 -6.79565 0
    endloop
  endfacet
  facet normal 0.961741 -0.142673 -0.233877
    outer loop
      vertex 8.95787 -7.23538 5.5
      vertex 7.76349 -6.27066 0
      vertex 7.79085 -6.08623 0
    endloop
  endfacet
  facet normal 0.961741 -0.142673 -0.233877
    outer loop
      vertex 8.95787 -7.23538 5.5
      vertex 7.79085 -6.08623 0
      vertex 8.98944 -7.02257 5.5
    endloop
  endfacet
  facet normal 0.910309 0.325803 -0.255325
    outer loop
      vertex 7.71819 6.45154 0
      vertex 7.65536 6.62709 0
      vertex 8.83311 7.64664 5.5
    endloop
  endfacet
  facet normal 0.872115 0.412473 -0.263213
    outer loop
      vertex 8.83311 7.64664 5.5
      vertex 7.65536 6.62709 0
      vertex 8.74112 7.84114 5.5
    endloop
  endfacet
  facet normal 0.872119 0.412466 -0.263212
    outer loop
      vertex 7.65536 6.62709 0
      vertex 7.57564 6.79565 0
      vertex 8.74112 7.84114 5.5
    endloop
  endfacet
  facet normal 0.573032 -0.772672 -0.273153
    outer loop
      vertex 8.02567 -8.63052 5.5
      vertex 6.95558 -7.47978 0
      vertex 8.19848 -8.50236 5.5
    endloop
  endfacet
  facet normal 0.495119 -0.826079 -0.269168
    outer loop
      vertex 7.84114 -8.74112 5.5
      vertex 6.95558 -7.47978 0
      vertex 8.02567 -8.63052 5.5
    endloop
  endfacet
  facet normal 0.772672 -0.573032 -0.273153
    outer loop
      vertex 8.50236 -8.19848 5.5
      vertex 7.47978 -6.95558 0
      vertex 8.63052 -8.02567 5.5
    endloop
  endfacet
  facet normal 0.77268 -0.573022 -0.273152
    outer loop
      vertex 8.50236 -8.19848 5.5
      vertex 7.36871 -7.10535 0
      vertex 7.47978 -6.95558 0
    endloop
  endfacet
  facet normal 0.940351 -0.235504 -0.245515
    outer loop
      vertex 8.95787 -7.23538 5.5
      vertex 7.71819 -6.45154 0
      vertex 7.76349 -6.27066 0
    endloop
  endfacet
  facet normal 0.940348 0.235515 -0.245516
    outer loop
      vertex 8.95787 7.23538 5.5
      vertex 7.71819 6.45154 0
      vertex 8.9056 7.44408 5.5
    endloop
  endfacet
  facet normal 0.77268 0.573022 -0.273152
    outer loop
      vertex 7.47978 6.95558 0
      vertex 7.36871 7.10535 0
      vertex 8.50236 8.19848 5.5
    endloop
  endfacet
  facet normal 0.940351 0.235504 -0.245515
    outer loop
      vertex 7.76349 6.27066 0
      vertex 7.71819 6.45154 0
      vertex 8.95787 7.23538 5.5
    endloop
  endfacet
  facet normal 0.961741 0.142673 -0.233877
    outer loop
      vertex 7.79085 6.08623 0
      vertex 7.76349 6.27066 0
      vertex 8.95787 7.23538 5.5
    endloop
  endfacet
  facet normal 0.772672 0.573032 -0.273153
    outer loop
      vertex 8.63052 8.02567 5.5
      vertex 7.47978 6.95558 0
      vertex 8.50236 8.19848 5.5
    endloop
  endfacet
  facet normal 0.826079 0.495119 -0.269168
    outer loop
      vertex 8.74112 7.84114 5.5
      vertex 7.47978 6.95558 0
      vertex 8.63052 8.02567 5.5
    endloop
  endfacet
  facet normal -0.235078 0.938611 0.252483
    outer loop
      vertex 5.99657 -6.38872 0
      vertex 6.82789 -7.2834 4.1
      vertex 6.88307 -7.26958 4.1
    endloop
  endfacet
  facet normal -0.234681 0.938725 0.252428
    outer loop
      vertex 6.82789 -7.2834 4.1
      vertex 5.99657 -6.38872 0
      vertex 5.99057 -6.39022 0
    endloop
  endfacet
  facet normal -0.234991 0.938636 0.25247
    outer loop
      vertex 6.88307 -7.26958 4.1
      vertex 6.03899 -6.3781 0
      vertex 5.99657 -6.38872 0
    endloop
  endfacet
  facet normal -0.142565 0.960648 0.23839
    outer loop
      vertex 6.77161 -7.29175 4.1
      vertex 5.98445 -6.39113 0
      vertex 5.94119 -6.39755 0
    endloop
  endfacet
  facet normal 0.493388 -0.823156 0.281038
    outer loop
      vertex -6.13642 6.33676 0
      vertex -6.98808 7.22609 4.1
      vertex -7.03688 7.19684 4.1
    endloop
  endfacet
  facet normal 0.493756 -0.822926 0.281065
    outer loop
      vertex -6.98808 7.22609 4.1
      vertex -6.13642 6.33676 0
      vertex -6.13112 6.33994 0
    endloop
  endfacet
  facet normal -0.411283 0.869391 0.27387
    outer loop
      vertex 6.09158 -6.35864 0
      vertex 6.93665 -7.25042 4.1
      vertex 6.98808 -7.22609 4.1
    endloop
  endfacet
  facet normal -0.410722 0.869673 0.273816
    outer loop
      vertex 6.93665 -7.25042 4.1
      vertex 6.09158 -6.35864 0
      vertex 6.08599 -6.36128 0
    endloop
  endfacet
  facet normal -0.493341 0.823186 0.281034
    outer loop
      vertex 7.03688 -7.19684 4.1
      vertex 6.17393 -6.31428 0
      vertex 6.13642 -6.33676 0
    endloop
  endfacet
  facet normal 0 0.977016 0.213166
    outer loop
      vertex 6.71478 -7.29454 4.1
      vertex 5.9 -6.61818 1
      vertex 5.9 -7.29454 4.1
    endloop
  endfacet
  facet normal 0 0.977016 0.213165
    outer loop
      vertex 5.89133 -6.4 0
      vertex 2.9 -6.61818 1
      vertex 5.9 -6.61818 1
    endloop
  endfacet
  facet normal 0 0.977016 0.213165
    outer loop
      vertex 2.9 -6.61818 1
      vertex 5.89133 -6.4 0
      vertex -2.9 -6.61818 1
    endloop
  endfacet
  facet normal -0 0.977016 0.213165
    outer loop
      vertex -5.89133 -6.4 0
      vertex -2.9 -6.61818 1
      vertex 5.89133 -6.4 0
    endloop
  endfacet
  facet normal 2.48004e-06 0.977016 0.213165
    outer loop
      vertex 5.89133 -6.4 0
      vertex 5.9 -6.61818 1
      vertex 6.71478 -7.29454 4.1
    endloop
  endfacet
  facet normal 0 0.977016 0.213166
    outer loop
      vertex 2.9 -6.61818 1
      vertex -2.9 -7.29454 4.1
      vertex 2.9 -7.29454 4.1
    endloop
  endfacet
  facet normal 0 0.977016 0.213166
    outer loop
      vertex -2.9 -7.29454 4.1
      vertex 2.9 -6.61818 1
      vertex -2.9 -6.61818 1
    endloop
  endfacet
  facet normal 0 0.977016 0.213166
    outer loop
      vertex -5.9 -6.61818 1
      vertex -6.71478 -7.29454 4.1
      vertex -5.9 -7.29454 4.1
    endloop
  endfacet
  facet normal -2.48004e-06 0.977016 0.213165
    outer loop
      vertex -5.9 -6.61818 1
      vertex -5.89133 -6.4 0
      vertex -6.71478 -7.29454 4.1
    endloop
  endfacet
  facet normal 0 0.977016 0.213165
    outer loop
      vertex -2.9 -6.61818 1
      vertex -5.89133 -6.4 0
      vertex -5.9 -6.61818 1
    endloop
  endfacet
  facet normal 0 0 -1
    outer loop
      vertex -7.29454 -6.71478 4.1
      vertex -5.9 -7.29454 4.1
      vertex -6.71478 -7.29454 4.1
    endloop
  endfacet
  facet normal 0 0 -1
    outer loop
      vertex 0.780361 -3.92314 4.1
      vertex 2.9 -4.5 4.1
      vertex 2.9 -7.29454 4.1
    endloop
  endfacet
  facet normal 0 0 -1
    outer loop
      vertex 2.9 -4.5 4.1
      vertex 2.53757 -3.09204 4.1
      vertex 2.82843 -2.82843 4.1
    endloop
  endfacet
  facet normal 0 0 -1
    outer loop
      vertex 2.9 -4.5 4.1
      vertex 2.22228 -3.32588 4.1
      vertex 2.53757 -3.09204 4.1
    endloop
  endfacet
  facet normal 0 0 -1
    outer loop
      vertex 2.9 -4.5 4.1
      vertex 1.88559 -3.52768 4.1
      vertex 2.22228 -3.32588 4.1
    endloop
  endfacet
  facet normal 0 0 -1
    outer loop
      vertex 2.9 -4.5 4.1
      vertex 1.53073 -3.69552 4.1
      vertex 1.88559 -3.52768 4.1
    endloop
  endfacet
  facet normal 0 0 -1
    outer loop
      vertex 2.9 -4.5 4.1
      vertex 1.16114 -3.82776 4.1
      vertex 1.53073 -3.69552 4.1
    endloop
  endfacet
  facet normal 0 0 -1
    outer loop
      vertex 2.9 -4.5 4.1
      vertex 0.780361 -3.92314 4.1
      vertex 1.16114 -3.82776 4.1
    endloop
  endfacet
  facet normal 0 0 -1
    outer loop
      vertex 2.9 -7.29454 4.1
      vertex 0.392068 -3.98074 4.1
      vertex 0.780361 -3.92314 4.1
    endloop
  endfacet
  facet normal 0 0 -1
    outer loop
      vertex 2.9 -7.29454 4.1
      vertex 0 -4 4.1
      vertex 0.392068 -3.98074 4.1
    endloop
  endfacet
  facet normal 0 0 -1
    outer loop
      vertex -2.9 -7.29454 4.1
      vertex 0 -4 4.1
      vertex 2.9 -7.29454 4.1
    endloop
  endfacet
  facet normal -0 0 -1
    outer loop
      vertex 0 -4 4.1
      vertex -2.9 -7.29454 4.1
      vertex -0.392068 -3.98074 4.1
    endloop
  endfacet
  facet normal -0 0 -1
    outer loop
      vertex -0.392068 -3.98074 4.1
      vertex -2.9 -7.29454 4.1
      vertex -0.780361 -3.92314 4.1
    endloop
  endfacet
  facet normal 0 0 -1
    outer loop
      vertex -2.9 -4.5 4.1
      vertex -0.780361 -3.92314 4.1
      vertex -2.9 -7.29454 4.1
    endloop
  endfacet
  facet normal -0 0 -1
    outer loop
      vertex -0.780361 -3.92314 4.1
      vertex -2.9 -4.5 4.1
      vertex -1.16114 -3.82776 4.1
    endloop
  endfacet
  facet normal -0 0 -1
    outer loop
      vertex -1.16114 -3.82776 4.1
      vertex -2.9 -4.5 4.1
      vertex -1.53073 -3.69552 4.1
    endloop
  endfacet
  facet normal -0 0 -1
    outer loop
      vertex -1.88559 -3.52768 4.1
      vertex -2.9 -4.5 4.1
      vertex -2.22228 -3.32588 4.1
    endloop
  endfacet
  facet normal -0 0 -1
    outer loop
      vertex -1.53073 -3.69552 4.1
      vertex -2.9 -4.5 4.1
      vertex -1.88559 -3.52768 4.1
    endloop
  endfacet
  facet normal -0 0 -1
    outer loop
      vertex -2.22228 -3.32588 4.1
      vertex -2.9 -4.5 4.1
      vertex -2.53757 -3.09204 4.1
    endloop
  endfacet
  facet normal -0 0 -1
    outer loop
      vertex -2.53757 -3.09204 4.1
      vertex -2.9 -4.5 4.1
      vertex -2.82843 -2.82843 4.1
    endloop
  endfacet
  facet normal 0 0 -1
    outer loop
      vertex -2.9 -4.5 4.1
      vertex -3.09204 -2.53757 4.1
      vertex -2.82843 -2.82843 4.1
    endloop
  endfacet
  facet normal 0 0 -1
    outer loop
      vertex -5.9 -4.5 4.1
      vertex -3.09204 -2.53757 4.1
      vertex -2.9 -4.5 4.1
    endloop
  endfacet
  facet normal -0 0 -1
    outer loop
      vertex -3.09204 -2.53757 4.1
      vertex -5.9 -4.5 4.1
      vertex -3.32588 -2.22228 4.1
    endloop
  endfacet
  facet normal -0 0 -1
    outer loop
      vertex -3.32588 -2.22228 4.1
      vertex -5.9 -4.5 4.1
      vertex -3.52768 -1.88559 4.1
    endloop
  endfacet
  facet normal -0 0 -1
    outer loop
      vertex -3.52768 -1.88559 4.1
      vertex -5.9 -4.5 4.1
      vertex -3.69552 -1.53073 4.1
    endloop
  endfacet
  facet normal -0 0 -1
    outer loop
      vertex -3.98074 -0.392068 4.1
      vertex -5.9 -4.5 4.1
      vertex -4 0 4.1
    endloop
  endfacet
  facet normal -0 0 -1
    outer loop
      vertex -3.92314 -0.780361 4.1
      vertex -5.9 -4.5 4.1
      vertex -3.98074 -0.392068 4.1
    endloop
  endfacet
  facet normal -0 0 -1
    outer loop
      vertex -3.82776 -1.16114 4.1
      vertex -5.9 -4.5 4.1
      vertex -3.92314 -0.780361 4.1
    endloop
  endfacet
  facet normal -0 0 -1
    outer loop
      vertex -3.69552 -1.53073 4.1
      vertex -5.9 -4.5 4.1
      vertex -3.82776 -1.16114 4.1
    endloop
  endfacet
  facet normal 0 0 -1
    outer loop
      vertex 5.9 -4.5 4.1
      vertex 3.98074 -0.392068 4.1
      vertex 4 0 4.1
    endloop
  endfacet
  facet normal 0 0 -1
    outer loop
      vertex 5.9 -4.5 4.1
      vertex 3.92314 -0.780361 4.1
      vertex 3.98074 -0.392068 4.1
    endloop
  endfacet
  facet normal 0 0 -1
    outer loop
      vertex 5.9 -4.5 4.1
      vertex 3.82776 -1.16114 4.1
      vertex 3.92314 -0.780361 4.1
    endloop
  endfacet
  facet normal 0 0 -1
    outer loop
      vertex 5.9 -4.5 4.1
      vertex 3.69552 -1.53073 4.1
      vertex 3.82776 -1.16114 4.1
    endloop
  endfacet
  facet normal 0 0 -1
    outer loop
      vertex 5.9 -4.5 4.1
      vertex 3.52768 -1.88559 4.1
      vertex 3.69552 -1.53073 4.1
    endloop
  endfacet
  facet normal 0 0 -1
    outer loop
      vertex 5.9 -4.5 4.1
      vertex 3.32588 -2.22228 4.1
      vertex 3.52768 -1.88559 4.1
    endloop
  endfacet
  facet normal 0 0 -1
    outer loop
      vertex 5.9 -4.5 4.1
      vertex 3.09204 -2.53757 4.1
      vertex 3.32588 -2.22228 4.1
    endloop
  endfacet
  facet normal 0 0 -1
    outer loop
      vertex 2.9 -4.5 4.1
      vertex 3.09204 -2.53757 4.1
      vertex 5.9 -4.5 4.1
    endloop
  endfacet
  facet normal 0 0 -1
    outer loop
      vertex 3.09204 -2.53757 4.1
      vertex 2.9 -4.5 4.1
      vertex 2.82843 -2.82843 4.1
    endloop
  endfacet
  facet normal 0 0 -1
    outer loop
      vertex 6.71478 -7.29454 4.1
      vertex 7.29454 -6.71478 4.1
      vertex 7.29175 -6.77161 4.1
    endloop
  endfacet
  facet normal 0 0 -1
    outer loop
      vertex 7.29454 -6.71478 4.1
      vertex 5.9 -4.5 4.1
      vertex 7.29454 6.71478 4.1
    endloop
  endfacet
  facet normal 0 0 -1
    outer loop
      vertex 6.71478 -7.29454 4.1
      vertex 7.29175 -6.77161 4.1
      vertex 7.2834 -6.82789 4.1
    endloop
  endfacet
  facet normal 0 0 -1
    outer loop
      vertex 3.98074 0.392068 4.1
      vertex 7.29454 6.71478 4.1
      vertex 5.9 -4.5 4.1
    endloop
  endfacet
  facet normal 0 0 -1
    outer loop
      vertex 6.71478 -7.29454 4.1
      vertex 7.2834 -6.82789 4.1
      vertex 7.26958 -6.88307 4.1
    endloop
  endfacet
  facet normal 0 0 -1
    outer loop
      vertex 3.92314 0.780361 4.1
      vertex 7.29454 6.71478 4.1
      vertex 3.98074 0.392068 4.1
    endloop
  endfacet
  facet normal 0 0 -1
    outer loop
      vertex 6.71478 -7.29454 4.1
      vertex 7.26958 -6.88307 4.1
      vertex 7.25042 -6.93665 4.1
    endloop
  endfacet
  facet normal 0 0 -1
    outer loop
      vertex 3.82776 1.16114 4.1
      vertex 7.29454 6.71478 4.1
      vertex 3.92314 0.780361 4.1
    endloop
  endfacet
  facet normal 0 0 -1
    outer loop
      vertex 6.71478 -7.29454 4.1
      vertex 7.25042 -6.93665 4.1
      vertex 7.22609 -6.98808 4.1
    endloop
  endfacet
  facet normal 0 0 -1
    outer loop
      vertex 3.69552 1.53073 4.1
      vertex 7.29454 6.71478 4.1
      vertex 3.82776 1.16114 4.1
    endloop
  endfacet
  facet normal 0 0 -1
    outer loop
      vertex 6.71478 -7.29454 4.1
      vertex 7.22609 -6.98808 4.1
      vertex 7.19684 -7.03688 4.1
    endloop
  endfacet
  facet normal 0 0 -1
    outer loop
      vertex 3.52768 1.88559 4.1
      vertex 7.29454 6.71478 4.1
      vertex 3.69552 1.53073 4.1
    endloop
  endfacet
  facet normal 0 0 -1
    outer loop
      vertex 6.71478 -7.29454 4.1
      vertex 7.19684 -7.03688 4.1
      vertex 7.16294 -7.08258 4.1
    endloop
  endfacet
  facet normal 0 0 -1
    outer loop
      vertex 3.32588 2.22228 4.1
      vertex 7.29454 6.71478 4.1
      vertex 3.52768 1.88559 4.1
    endloop
  endfacet
  facet normal 0 0 -1
    outer loop
      vertex 6.71478 -7.29454 4.1
      vertex 7.16294 -7.08258 4.1
      vertex 7.12473 -7.12473 4.1
    endloop
  endfacet
  facet normal 0 0 -1
    outer loop
      vertex 3.09204 2.53757 4.1
      vertex 7.29454 6.71478 4.1
      vertex 3.32588 2.22228 4.1
    endloop
  endfacet
  facet normal 0 0 -1
    outer loop
      vertex 6.71478 -7.29454 4.1
      vertex 7.12473 -7.12473 4.1
      vertex 7.08258 -7.16294 4.1
    endloop
  endfacet
  facet normal 0 0 -1
    outer loop
      vertex 2.82843 2.82843 4.1
      vertex 7.29454 6.71478 4.1
      vertex 3.09204 2.53757 4.1
    endloop
  endfacet
  facet normal 0 0 -1
    outer loop
      vertex 6.71478 -7.29454 4.1
      vertex 7.08258 -7.16294 4.1
      vertex 7.03688 -7.19684 4.1
    endloop
  endfacet
  facet normal 0 -0 -1
    outer loop
      vertex 6.71478 7.29454 4.1
      vertex 7.29454 6.71478 4.1
      vertex 2.82843 2.82843 4.1
    endloop
  endfacet
  facet normal 0 0 -1
    outer loop
      vertex 6.71478 -7.29454 4.1
      vertex 7.03688 -7.19684 4.1
      vertex 6.98808 -7.22609 4.1
    endloop
  endfacet
  facet normal 0 0 -1
    outer loop
      vertex 7.29454 6.71478 4.1
      vertex 6.71478 7.29454 4.1
      vertex 7.29175 6.77161 4.1
    endloop
  endfacet
  facet normal 0 0 -1
    outer loop
      vertex 6.71478 -7.29454 4.1
      vertex 6.98808 -7.22609 4.1
      vertex 6.93665 -7.25042 4.1
    endloop
  endfacet
  facet normal 0 0 -1
    outer loop
      vertex 7.2834 6.82789 4.1
      vertex 6.71478 7.29454 4.1
      vertex 7.26958 6.88307 4.1
    endloop
  endfacet
  facet normal 0 0 -1
    outer loop
      vertex 6.71478 -7.29454 4.1
      vertex 6.93665 -7.25042 4.1
      vertex 6.88307 -7.26958 4.1
    endloop
  endfacet
  facet normal 0 0 -1
    outer loop
      vertex 7.26958 6.88307 4.1
      vertex 6.71478 7.29454 4.1
      vertex 7.25042 6.93665 4.1
    endloop
  endfacet
  facet normal 0 0 -1
    outer loop
      vertex 6.71478 -7.29454 4.1
      vertex 6.88307 -7.26958 4.1
      vertex 6.82789 -7.2834 4.1
    endloop
  endfacet
  facet normal 0 0 -1
    outer loop
      vertex 7.25042 6.93665 4.1
      vertex 6.71478 7.29454 4.1
      vertex 7.22609 6.98808 4.1
    endloop
  endfacet
  facet normal 0 0 -1
    outer loop
      vertex 6.71478 -7.29454 4.1
      vertex 6.82789 -7.2834 4.1
      vertex 6.77161 -7.29175 4.1
    endloop
  endfacet
  facet normal 0 0 -1
    outer loop
      vertex 7.22609 6.98808 4.1
      vertex 6.71478 7.29454 4.1
      vertex 7.19684 7.03688 4.1
    endloop
  endfacet
  facet normal 0 0 -1
    outer loop
      vertex 7.29454 -6.71478 4.1
      vertex 6.71478 -7.29454 4.1
      vertex 5.9 -7.29454 4.1
    endloop
  endfacet
  facet normal 0 0 -1
    outer loop
      vertex 7.19684 7.03688 4.1
      vertex 6.71478 7.29454 4.1
      vertex 7.16294 7.08258 4.1
    endloop
  endfacet
  facet normal -0 0 -1
    outer loop
      vertex 7.29454 -6.71478 4.1
      vertex 5.9 -7.29454 4.1
      vertex 5.9 -4.5 4.1
    endloop
  endfacet
  facet normal 0 0 -1
    outer loop
      vertex 7.12473 7.12473 4.1
      vertex 6.71478 7.29454 4.1
      vertex 7.08258 7.16294 4.1
    endloop
  endfacet
  facet normal 0 0 -1
    outer loop
      vertex 3.98074 0.392068 4.1
      vertex 5.9 -4.5 4.1
      vertex 4 0 4.1
    endloop
  endfacet
  facet normal 0 0 -1
    outer loop
      vertex 7.08258 7.16294 4.1
      vertex 6.71478 7.29454 4.1
      vertex 7.03688 7.19684 4.1
    endloop
  endfacet
  facet normal 0 0 -1
    outer loop
      vertex 7.03688 7.19684 4.1
      vertex 6.71478 7.29454 4.1
      vertex 6.98808 7.22609 4.1
    endloop
  endfacet
  facet normal 0 0 -1
    outer loop
      vertex 6.98808 7.22609 4.1
      vertex 6.71478 7.29454 4.1
      vertex 6.93665 7.25042 4.1
    endloop
  endfacet
  facet normal 0 0 -1
    outer loop
      vertex 6.88307 7.26958 4.1
      vertex 6.71478 7.29454 4.1
      vertex 6.82789 7.2834 4.1
    endloop
  endfacet
  facet normal 0 0 -1
    outer loop
      vertex 6.82789 7.2834 4.1
      vertex 6.71478 7.29454 4.1
      vertex 6.77161 7.29175 4.1
    endloop
  endfacet
  facet normal 0 0 -1
    outer loop
      vertex 6.93665 7.25042 4.1
      vertex 6.71478 7.29454 4.1
      vertex 6.88307 7.26958 4.1
    endloop
  endfacet
  facet normal 0 0 -1
    outer loop
      vertex 7.16294 7.08258 4.1
      vertex 6.71478 7.29454 4.1
      vertex 7.12473 7.12473 4.1
    endloop
  endfacet
  facet normal 0 0 -1
    outer loop
      vertex 7.29175 6.77161 4.1
      vertex 6.71478 7.29454 4.1
      vertex 7.2834 6.82789 4.1
    endloop
  endfacet
  facet normal 0 0 -1
    outer loop
      vertex 2.53757 3.09204 4.1
      vertex 6.71478 7.29454 4.1
      vertex 2.82843 2.82843 4.1
    endloop
  endfacet
  facet normal 0 0 -1
    outer loop
      vertex 2.22228 3.32588 4.1
      vertex 6.71478 7.29454 4.1
      vertex 2.53757 3.09204 4.1
    endloop
  endfacet
  facet normal 0 0 -1
    outer loop
      vertex 1.88559 3.52768 4.1
      vertex 6.71478 7.29454 4.1
      vertex 2.22228 3.32588 4.1
    endloop
  endfacet
  facet normal 0 0 -1
    outer loop
      vertex 1.53073 3.69552 4.1
      vertex 6.71478 7.29454 4.1
      vertex 1.88559 3.52768 4.1
    endloop
  endfacet
  facet normal 0 0 -1
    outer loop
      vertex 1.16114 3.82776 4.1
      vertex 6.71478 7.29454 4.1
      vertex 1.53073 3.69552 4.1
    endloop
  endfacet
  facet normal 0 0 -1
    outer loop
      vertex 0.780361 3.92314 4.1
      vertex 6.71478 7.29454 4.1
      vertex 1.16114 3.82776 4.1
    endloop
  endfacet
  facet normal 0 0 -1
    outer loop
      vertex 0.392068 3.98074 4.1
      vertex 6.71478 7.29454 4.1
      vertex 0.780361 3.92314 4.1
    endloop
  endfacet
  facet normal 0 0 -1
    outer loop
      vertex 0 4 4.1
      vertex 6.71478 7.29454 4.1
      vertex 0.392068 3.98074 4.1
    endloop
  endfacet
  facet normal 0 0 -1
    outer loop
      vertex -6.71478 7.29454 4.1
      vertex 0 4 4.1
      vertex -0.392068 3.98074 4.1
    endloop
  endfacet
  facet normal 0 0 -1
    outer loop
      vertex -6.71478 7.29454 4.1
      vertex -0.392068 3.98074 4.1
      vertex -0.780361 3.92314 4.1
    endloop
  endfacet
  facet normal 0 0 -1
    outer loop
      vertex -6.71478 7.29454 4.1
      vertex -0.780361 3.92314 4.1
      vertex -1.16114 3.82776 4.1
    endloop
  endfacet
  facet normal 0 0 -1
    outer loop
      vertex -6.71478 7.29454 4.1
      vertex -1.16114 3.82776 4.1
      vertex -1.53073 3.69552 4.1
    endloop
  endfacet
  facet normal 0 0 -1
    outer loop
      vertex -5.9 -4.5 4.1
      vertex -3.98074 0.392068 4.1
      vertex -4 0 4.1
    endloop
  endfacet
  facet normal 0 0 -1
    outer loop
      vertex -7.29454 6.71478 4.1
      vertex -3.98074 0.392068 4.1
      vertex -5.9 -4.5 4.1
    endloop
  endfacet
  facet normal 0 0 -1
    outer loop
      vertex -3.98074 0.392068 4.1
      vertex -7.29454 6.71478 4.1
      vertex -3.92314 0.780361 4.1
    endloop
  endfacet
  facet normal 0 0 -1
    outer loop
      vertex -3.92314 0.780361 4.1
      vertex -7.29454 6.71478 4.1
      vertex -3.82776 1.16114 4.1
    endloop
  endfacet
  facet normal 0 0 -1
    outer loop
      vertex 0 4 4.1
      vertex -6.71478 7.29454 4.1
      vertex 6.71478 7.29454 4.1
    endloop
  endfacet
  facet normal 0 0 -1
    outer loop
      vertex -1.88559 3.52768 4.1
      vertex -6.71478 7.29454 4.1
      vertex -1.53073 3.69552 4.1
    endloop
  endfacet
  facet normal 0 0 -1
    outer loop
      vertex -2.22228 3.32588 4.1
      vertex -6.71478 7.29454 4.1
      vertex -1.88559 3.52768 4.1
    endloop
  endfacet
  facet normal 0 0 -1
    outer loop
      vertex -2.53757 3.09204 4.1
      vertex -6.71478 7.29454 4.1
      vertex -2.22228 3.32588 4.1
    endloop
  endfacet
  facet normal 0 0 -1
    outer loop
      vertex -2.82843 2.82843 4.1
      vertex -6.71478 7.29454 4.1
      vertex -2.53757 3.09204 4.1
    endloop
  endfacet
  facet normal 0 0 -1
    outer loop
      vertex -7.29454 6.71478 4.1
      vertex -2.82843 2.82843 4.1
      vertex -3.09204 2.53757 4.1
    endloop
  endfacet
  facet normal 0 0 -1
    outer loop
      vertex -7.29454 6.71478 4.1
      vertex -3.09204 2.53757 4.1
      vertex -3.32588 2.22228 4.1
    endloop
  endfacet
  facet normal 0 0 -1
    outer loop
      vertex -7.29454 6.71478 4.1
      vertex -3.32588 2.22228 4.1
      vertex -3.52768 1.88559 4.1
    endloop
  endfacet
  facet normal 0 0 -1
    outer loop
      vertex -7.29454 6.71478 4.1
      vertex -3.52768 1.88559 4.1
      vertex -3.69552 1.53073 4.1
    endloop
  endfacet
  facet normal 0 0 -1
    outer loop
      vertex -3.82776 1.16114 4.1
      vertex -7.29454 6.71478 4.1
      vertex -3.69552 1.53073 4.1
    endloop
  endfacet
  facet normal 0 0 -1
    outer loop
      vertex -5.9 -7.29454 4.1
      vertex -7.29454 -6.71478 4.1
      vertex -5.9 -4.5 4.1
    endloop
  endfacet
  facet normal 0 0 -1
    outer loop
      vertex -7.29454 -6.71478 4.1
      vertex -6.71478 -7.29454 4.1
      vertex -6.77161 -7.29175 4.1
    endloop
  endfacet
  facet normal 0 0 -1
    outer loop
      vertex -7.29454 6.71478 4.1
      vertex -5.9 -4.5 4.1
      vertex -7.29454 -6.71478 4.1
    endloop
  endfacet
  facet normal 0 0 -1
    outer loop
      vertex -7.29454 -6.71478 4.1
      vertex -6.77161 -7.29175 4.1
      vertex -6.82789 -7.2834 4.1
    endloop
  endfacet
  facet normal 0 0 -1
    outer loop
      vertex -2.82843 2.82843 4.1
      vertex -7.29454 6.71478 4.1
      vertex -6.71478 7.29454 4.1
    endloop
  endfacet
  facet normal 0 0 -1
    outer loop
      vertex -7.29454 -6.71478 4.1
      vertex -6.82789 -7.2834 4.1
      vertex -6.88307 -7.26958 4.1
    endloop
  endfacet
  facet normal 0 0 -1
    outer loop
      vertex -6.71478 7.29454 4.1
      vertex -7.29454 6.71478 4.1
      vertex -6.77161 7.29175 4.1
    endloop
  endfacet
  facet normal 0 0 -1
    outer loop
      vertex -7.29454 -6.71478 4.1
      vertex -6.88307 -7.26958 4.1
      vertex -6.93665 -7.25042 4.1
    endloop
  endfacet
  facet normal 0 0 -1
    outer loop
      vertex -6.77161 7.29175 4.1
      vertex -7.29454 6.71478 4.1
      vertex -6.82789 7.2834 4.1
    endloop
  endfacet
  facet normal 0 0 -1
    outer loop
      vertex -7.29454 -6.71478 4.1
      vertex -6.93665 -7.25042 4.1
      vertex -6.98808 -7.22609 4.1
    endloop
  endfacet
  facet normal 0 0 -1
    outer loop
      vertex -6.82789 7.2834 4.1
      vertex -7.29454 6.71478 4.1
      vertex -6.88307 7.26958 4.1
    endloop
  endfacet
  facet normal 0 0 -1
    outer loop
      vertex -7.29454 -6.71478 4.1
      vertex -6.98808 -7.22609 4.1
      vertex -7.03688 -7.19684 4.1
    endloop
  endfacet
  facet normal 0 0 -1
    outer loop
      vertex -6.88307 7.26958 4.1
      vertex -7.29454 6.71478 4.1
      vertex -6.93665 7.25042 4.1
    endloop
  endfacet
  facet normal 0 0 -1
    outer loop
      vertex -7.29454 -6.71478 4.1
      vertex -7.03688 -7.19684 4.1
      vertex -7.08258 -7.16294 4.1
    endloop
  endfacet
  facet normal 0 0 -1
    outer loop
      vertex -6.93665 7.25042 4.1
      vertex -7.29454 6.71478 4.1
      vertex -6.98808 7.22609 4.1
    endloop
  endfacet
  facet normal 0 0 -1
    outer loop
      vertex -7.29454 -6.71478 4.1
      vertex -7.08258 -7.16294 4.1
      vertex -7.12473 -7.12473 4.1
    endloop
  endfacet
  facet normal 0 0 -1
    outer loop
      vertex -6.98808 7.22609 4.1
      vertex -7.29454 6.71478 4.1
      vertex -7.03688 7.19684 4.1
    endloop
  endfacet
  facet normal 0 0 -1
    outer loop
      vertex -7.29454 -6.71478 4.1
      vertex -7.12473 -7.12473 4.1
      vertex -7.16294 -7.08258 4.1
    endloop
  endfacet
  facet normal 0 0 -1
    outer loop
      vertex -7.03688 7.19684 4.1
      vertex -7.29454 6.71478 4.1
      vertex -7.08258 7.16294 4.1
    endloop
  endfacet
  facet normal 0 0 -1
    outer loop
      vertex -7.29454 -6.71478 4.1
      vertex -7.16294 -7.08258 4.1
      vertex -7.19684 -7.03688 4.1
    endloop
  endfacet
  facet normal 0 0 -1
    outer loop
      vertex -7.08258 7.16294 4.1
      vertex -7.29454 6.71478 4.1
      vertex -7.12473 7.12473 4.1
    endloop
  endfacet
  facet normal 0 0 -1
    outer loop
      vertex -7.29454 -6.71478 4.1
      vertex -7.19684 -7.03688 4.1
      vertex -7.22609 -6.98808 4.1
    endloop
  endfacet
  facet normal 0 0 -1
    outer loop
      vertex -7.12473 7.12473 4.1
      vertex -7.29454 6.71478 4.1
      vertex -7.16294 7.08258 4.1
    endloop
  endfacet
  facet normal 0 0 -1
    outer loop
      vertex -7.29454 -6.71478 4.1
      vertex -7.22609 -6.98808 4.1
      vertex -7.25042 -6.93665 4.1
    endloop
  endfacet
  facet normal 0 0 -1
    outer loop
      vertex -7.16294 7.08258 4.1
      vertex -7.29454 6.71478 4.1
      vertex -7.19684 7.03688 4.1
    endloop
  endfacet
  facet normal 0 0 -1
    outer loop
      vertex -7.29454 -6.71478 4.1
      vertex -7.25042 -6.93665 4.1
      vertex -7.26958 -6.88307 4.1
    endloop
  endfacet
  facet normal 0 0 -1
    outer loop
      vertex -7.19684 7.03688 4.1
      vertex -7.29454 6.71478 4.1
      vertex -7.22609 6.98808 4.1
    endloop
  endfacet
  facet normal 0 0 -1
    outer loop
      vertex -7.29454 -6.71478 4.1
      vertex -7.26958 -6.88307 4.1
      vertex -7.2834 -6.82789 4.1
    endloop
  endfacet
  facet normal 0 0 -1
    outer loop
      vertex -7.22609 6.98808 4.1
      vertex -7.29454 6.71478 4.1
      vertex -7.25042 6.93665 4.1
    endloop
  endfacet
  facet normal 0 0 -1
    outer loop
      vertex -7.29454 -6.71478 4.1
      vertex -7.2834 -6.82789 4.1
      vertex -7.29175 -6.77161 4.1
    endloop
  endfacet
  facet normal 0 0 -1
    outer loop
      vertex -7.25042 6.93665 4.1
      vertex -7.29454 6.71478 4.1
      vertex -7.26958 6.88307 4.1
    endloop
  endfacet
  facet normal 0 0 -1
    outer loop
      vertex -7.26958 6.88307 4.1
      vertex -7.29454 6.71478 4.1
      vertex -7.2834 6.82789 4.1
    endloop
  endfacet
  facet normal 0 0 -1
    outer loop
      vertex -7.2834 6.82789 4.1
      vertex -7.29454 6.71478 4.1
      vertex -7.29175 6.77161 4.1
    endloop
  endfacet
  facet normal -0.64311 -0.709457 0.288235
    outer loop
      vertex 6.25101 6.25101 0
      vertex 7.12473 7.12473 4.1
      vertex 6.21861 6.28038 0
    endloop
  endfacet
  facet normal -0.0472769 -0.973904 0.221982
    outer loop
      vertex 5.89751 6.3997 0
      vertex 6.71478 7.29454 4.1
      vertex 5.89133 6.4 0
    endloop
  endfacet
  facet normal -0.0478103 -0.973856 0.222078
    outer loop
      vertex 6.71478 7.29454 4.1
      vertex 5.89751 6.3997 0
      vertex 6.77161 7.29175 4.1
    endloop
  endfacet
  facet normal 0.64311 0.709457 0.288235
    outer loop
      vertex -6.21861 -6.28038 0
      vertex -6.25101 -6.25101 0
      vertex -7.12473 -7.12473 4.1
    endloop
  endfacet
  facet normal -0.977016 0 0.213166
    outer loop
      vertex 6.4 -5.89133 0
      vertex 7.29454 6.71478 4.1
      vertex 6.4 5.89133 0
    endloop
  endfacet
  facet normal -0.977016 0 0.213166
    outer loop
      vertex 7.29454 6.71478 4.1
      vertex 6.4 -5.89133 0
      vertex 7.29454 -6.71478 4.1
    endloop
  endfacet
  facet normal -0.570928 0.769635 0.285837
    outer loop
      vertex 7.03688 -7.19684 4.1
      vertex 6.20906 -6.28822 0
      vertex 6.17393 -6.31428 0
    endloop
  endfacet
  facet normal -0.411191 0.869438 0.27386
    outer loop
      vertex 6.98808 -7.22609 4.1
      vertex 6.13112 -6.33994 0
      vertex 6.09158 -6.35864 0
    endloop
  endfacet
  facet normal -0.493388 0.823156 0.281038
    outer loop
      vertex 6.13642 -6.33676 0
      vertex 6.98808 -7.22609 4.1
      vertex 7.03688 -7.19684 4.1
    endloop
  endfacet
  facet normal -0.493756 0.822926 0.281065
    outer loop
      vertex 6.98808 -7.22609 4.1
      vertex 6.13642 -6.33676 0
      vertex 6.13112 -6.33994 0
    endloop
  endfacet
  facet normal -0.32474 0.90812 0.264314
    outer loop
      vertex 6.08599 -6.36128 0
      vertex 6.88307 -7.26958 4.1
      vertex 6.93665 -7.25042 4.1
    endloop
  endfacet
  facet normal -0.325943 0.907651 0.264444
    outer loop
      vertex 6.88307 -7.26958 4.1
      vertex 6.08599 -6.36128 0
      vertex 6.08017 -6.36337 0
    endloop
  endfacet
  facet normal -0.324821 0.908089 0.264322
    outer loop
      vertex 6.88307 -7.26958 4.1
      vertex 6.08017 -6.36337 0
      vertex 6.03899 -6.3781 0
    endloop
  endfacet
  facet normal -0.0478103 0.973856 0.222078
    outer loop
      vertex 5.89751 -6.3997 0
      vertex 6.71478 -7.29454 4.1
      vertex 6.77161 -7.29175 4.1
    endloop
  endfacet
  facet normal -0.0472769 0.973904 0.221982
    outer loop
      vertex 6.71478 -7.29454 4.1
      vertex 5.89751 -6.3997 0
      vertex 5.89133 -6.4 0
    endloop
  endfacet
  facet normal 0.977016 0 0.213166
    outer loop
      vertex -7.29454 6.71478 4.1
      vertex -6.4 -5.89133 0
      vertex -6.4 5.89133 0
    endloop
  endfacet
  facet normal 0.977016 0 0.213166
    outer loop
      vertex -6.4 -5.89133 0
      vertex -7.29454 6.71478 4.1
      vertex -7.29454 -6.71478 4.1
    endloop
  endfacet
  facet normal 0 -0.977015 0.213168
    outer loop
      vertex -2.9 6.70545 1.4
      vertex 2.9 7.09818 3.2
      vertex -2.9 7.09818 3.2
    endloop
  endfacet
  facet normal 0 -0.977015 0.213168
    outer loop
      vertex 2.9 7.09818 3.2
      vertex -2.9 6.70545 1.4
      vertex 2.9 6.70545 1.4
    endloop
  endfacet
  facet normal 0 -0.977017 0.213163
    outer loop
      vertex -2.9 7.09818 3.2
      vertex -6.71478 7.29454 4.1
      vertex -5.9 7.09818 3.2
    endloop
  endfacet
  facet normal 5.99558e-06 -0.977015 0.213168
    outer loop
      vertex -6.71478 7.29454 4.1
      vertex -5.9 6.70545 1.4
      vertex -5.9 7.09818 3.2
    endloop
  endfacet
  facet normal 0 -0.977016 0.213164
    outer loop
      vertex -5.89133 6.4 0
      vertex -2.9 6.70545 1.4
      vertex -5.9 6.70545 1.4
    endloop
  endfacet
  facet normal 0 -0.977016 0.213164
    outer loop
      vertex -2.9 6.70545 1.4
      vertex -5.89133 6.4 0
      vertex 2.9 6.70545 1.4
    endloop
  endfacet
  facet normal 0 -0.977016 0.213164
    outer loop
      vertex 5.89133 6.4 0
      vertex 2.9 6.70545 1.4
      vertex -5.89133 6.4 0
    endloop
  endfacet
  facet normal -9.61903e-06 -0.977016 0.213164
    outer loop
      vertex -5.89133 6.4 0
      vertex -5.9 6.70545 1.4
      vertex -6.71478 7.29454 4.1
    endloop
  endfacet
  facet normal 0 -0.977017 0.213163
    outer loop
      vertex -6.71478 7.29454 4.1
      vertex -2.9 7.09818 3.2
      vertex 6.71478 7.29454 4.1
    endloop
  endfacet
  facet normal 0 -0.977017 0.213163
    outer loop
      vertex 2.9 7.09818 3.2
      vertex 6.71478 7.29454 4.1
      vertex -2.9 7.09818 3.2
    endloop
  endfacet
  facet normal 0 -0.977017 0.213163
    outer loop
      vertex 5.9 7.09818 3.2
      vertex 6.71478 7.29454 4.1
      vertex 2.9 7.09818 3.2
    endloop
  endfacet
  facet normal -5.99558e-06 -0.977015 0.213168
    outer loop
      vertex 5.9 6.70545 1.4
      vertex 6.71478 7.29454 4.1
      vertex 5.9 7.09818 3.2
    endloop
  endfacet
  facet normal 9.61903e-06 -0.977016 0.213164
    outer loop
      vertex 5.9 6.70545 1.4
      vertex 5.89133 6.4 0
      vertex 6.71478 7.29454 4.1
    endloop
  endfacet
  facet normal 0 -0.977016 0.213164
    outer loop
      vertex 2.9 6.70545 1.4
      vertex 5.89133 6.4 0
      vertex 5.9 6.70545 1.4
    endloop
  endfacet
  facet normal 0.0478103 -0.973856 0.222078
    outer loop
      vertex -5.89751 6.3997 0
      vertex -6.71478 7.29454 4.1
      vertex -6.77161 7.29175 4.1
    endloop
  endfacet
  facet normal 0.0472769 -0.973904 0.221982
    outer loop
      vertex -6.71478 7.29454 4.1
      vertex -5.89751 6.3997 0
      vertex -5.89133 6.4 0
    endloop
  endfacet
  facet normal -0.709457 0.64311 0.288235
    outer loop
      vertex 7.12473 -7.12473 4.1
      vertex 6.28038 -6.21861 0
      vertex 6.25101 -6.25101 0
    endloop
  endfacet
  facet normal -0.142528 0.960655 0.238385
    outer loop
      vertex 5.99057 -6.39022 0
      vertex 6.77161 -7.29175 4.1
      vertex 6.82789 -7.2834 4.1
    endloop
  endfacet
  facet normal -0.142834 0.960598 0.238431
    outer loop
      vertex 6.77161 -7.29175 4.1
      vertex 5.99057 -6.39022 0
      vertex 5.98445 -6.39113 0
    endloop
  endfacet
  facet normal -0.0479342 0.973845 0.222102
    outer loop
      vertex 6.77161 -7.29175 4.1
      vertex 5.94119 -6.39755 0
      vertex 5.89751 -6.3997 0
    endloop
  endfacet
  facet normal 0.324821 0.908089 0.264322
    outer loop
      vertex -6.03899 -6.3781 0
      vertex -6.08017 -6.36337 0
      vertex -6.88307 -7.26958 4.1
    endloop
  endfacet
  facet normal 0.142834 0.960598 0.238431
    outer loop
      vertex -5.99057 -6.39022 0
      vertex -6.77161 -7.29175 4.1
      vertex -5.98445 -6.39113 0
    endloop
  endfacet
  facet normal 0.142528 0.960655 0.238385
    outer loop
      vertex -6.77161 -7.29175 4.1
      vertex -5.99057 -6.39022 0
      vertex -6.82789 -7.2834 4.1
    endloop
  endfacet
  facet normal 0.769644 -0.570917 0.285835
    outer loop
      vertex -7.19684 7.03688 4.1
      vertex -6.28454 6.21403 0
      vertex -7.16294 7.08258 4.1
    endloop
  endfacet
  facet normal 0.770147 -0.57025 0.285813
    outer loop
      vertex -6.28454 6.21403 0
      vertex -7.19684 7.03688 4.1
      vertex -6.28822 6.20906 0
    endloop
  endfacet
  facet normal 0.709442 -0.643127 0.288236
    outer loop
      vertex -7.16294 7.08258 4.1
      vertex -6.28038 6.21861 0
      vertex -7.12473 7.12473 4.1
    endloop
  endfacet
  facet normal 0.708814 -0.643814 0.288246
    outer loop
      vertex -6.28038 6.21861 0
      vertex -7.16294 7.08258 4.1
      vertex -6.28454 6.21403 0
    endloop
  endfacet
  facet normal 0.973845 -0.0479342 0.222102
    outer loop
      vertex -6.3997 5.89751 0
      vertex -6.39755 5.94119 0
      vertex -7.29175 6.77161 4.1
    endloop
  endfacet
  facet normal 0.869673 0.410722 0.273816
    outer loop
      vertex -7.25042 -6.93665 4.1
      vertex -6.35864 -6.09158 0
      vertex -6.36128 -6.08599 0
    endloop
  endfacet
  facet normal 0.869391 0.411283 0.27387
    outer loop
      vertex -6.35864 -6.09158 0
      vertex -7.25042 -6.93665 4.1
      vertex -7.22609 -6.98808 4.1
    endloop
  endfacet
  facet normal -0.411191 -0.869438 0.27386
    outer loop
      vertex 6.13112 6.33994 0
      vertex 6.98808 7.22609 4.1
      vertex 6.09158 6.35864 0
    endloop
  endfacet
  facet normal -0.493341 -0.823186 0.281034
    outer loop
      vertex 6.17393 6.31428 0
      vertex 7.03688 7.19684 4.1
      vertex 6.13642 6.33676 0
    endloop
  endfacet
  facet normal 0.411283 -0.869391 0.27387
    outer loop
      vertex -6.09158 6.35864 0
      vertex -6.93665 7.25042 4.1
      vertex -6.98808 7.22609 4.1
    endloop
  endfacet
  facet normal 0.410722 -0.869673 0.273816
    outer loop
      vertex -6.93665 7.25042 4.1
      vertex -6.09158 6.35864 0
      vertex -6.08599 6.36128 0
    endloop
  endfacet
  facet normal -0.907651 0.325943 0.264444
    outer loop
      vertex 6.36128 -6.08599 0
      vertex 7.26958 -6.88307 4.1
      vertex 6.36337 -6.08017 0
    endloop
  endfacet
  facet normal -0.90812 0.32474 0.264314
    outer loop
      vertex 7.26958 -6.88307 4.1
      vertex 6.36128 -6.08599 0
      vertex 7.25042 -6.93665 4.1
    endloop
  endfacet
  facet normal -0.960598 0.142834 0.238431
    outer loop
      vertex 6.39022 -5.99057 0
      vertex 7.29175 -6.77161 4.1
      vertex 6.39113 -5.98445 0
    endloop
  endfacet
  facet normal -0.960655 0.142528 0.238385
    outer loop
      vertex 7.29175 -6.77161 4.1
      vertex 6.39022 -5.99057 0
      vertex 7.2834 -6.82789 4.1
    endloop
  endfacet
  facet normal -0.823186 0.493341 0.281034
    outer loop
      vertex 7.19684 -7.03688 4.1
      vertex 6.33676 -6.13642 0
      vertex 6.31428 -6.17393 0
    endloop
  endfacet
  facet normal -0.570917 0.769644 0.285835
    outer loop
      vertex 6.21403 -6.28454 0
      vertex 7.03688 -7.19684 4.1
      vertex 7.08258 -7.16294 4.1
    endloop
  endfacet
  facet normal -0.57025 0.770147 0.285813
    outer loop
      vertex 7.03688 -7.19684 4.1
      vertex 6.21403 -6.28454 0
      vertex 6.20906 -6.28822 0
    endloop
  endfacet
  facet normal -0.708814 0.643814 0.288246
    outer loop
      vertex 6.28038 -6.21861 0
      vertex 7.16294 -7.08258 4.1
      vertex 6.28454 -6.21403 0
    endloop
  endfacet
  facet normal -0.709442 0.643127 0.288236
    outer loop
      vertex 7.16294 -7.08258 4.1
      vertex 6.28038 -6.21861 0
      vertex 7.12473 -7.12473 4.1
    endloop
  endfacet
  facet normal 0.493756 0.822926 0.281065
    outer loop
      vertex -6.13642 -6.33676 0
      vertex -6.98808 -7.22609 4.1
      vertex -6.13112 -6.33994 0
    endloop
  endfacet
  facet normal 0.493388 0.823156 0.281038
    outer loop
      vertex -6.98808 -7.22609 4.1
      vertex -6.13642 -6.33676 0
      vertex -7.03688 -7.19684 4.1
    endloop
  endfacet
  facet normal 0.570928 0.769635 0.285837
    outer loop
      vertex -6.17393 -6.31428 0
      vertex -6.20906 -6.28822 0
      vertex -7.03688 -7.19684 4.1
    endloop
  endfacet
  facet normal 0.570917 -0.769644 0.285835
    outer loop
      vertex -6.21403 6.28454 0
      vertex -7.03688 7.19684 4.1
      vertex -7.08258 7.16294 4.1
    endloop
  endfacet
  facet normal 0.57025 -0.770147 0.285813
    outer loop
      vertex -7.03688 7.19684 4.1
      vertex -6.21403 6.28454 0
      vertex -6.20906 6.28822 0
    endloop
  endfacet
  facet normal 0.869438 -0.411191 0.27386
    outer loop
      vertex -6.35864 6.09158 0
      vertex -6.33994 6.13112 0
      vertex -7.22609 6.98808 4.1
    endloop
  endfacet
  facet normal 0.938611 -0.235078 0.252483
    outer loop
      vertex -7.2834 6.82789 4.1
      vertex -6.38872 5.99657 0
      vertex -7.26958 6.88307 4.1
    endloop
  endfacet
  facet normal 0.938725 -0.234681 0.252428
    outer loop
      vertex -6.38872 5.99657 0
      vertex -7.2834 6.82789 4.1
      vertex -6.39022 5.99057 0
    endloop
  endfacet
  facet normal 0.973856 -0.0478103 0.222078
    outer loop
      vertex -7.29454 6.71478 4.1
      vertex -6.3997 5.89751 0
      vertex -7.29175 6.77161 4.1
    endloop
  endfacet
  facet normal 0.973904 -0.0472769 0.221982
    outer loop
      vertex -6.3997 5.89751 0
      vertex -7.29454 6.71478 4.1
      vertex -6.4 5.89133 0
    endloop
  endfacet
  facet normal 0.960598 0.142834 0.238431
    outer loop
      vertex -7.29175 -6.77161 4.1
      vertex -6.39022 -5.99057 0
      vertex -6.39113 -5.98445 0
    endloop
  endfacet
  facet normal 0.960655 0.142528 0.238385
    outer loop
      vertex -6.39022 -5.99057 0
      vertex -7.29175 -6.77161 4.1
      vertex -7.2834 -6.82789 4.1
    endloop
  endfacet
  facet normal 0.823186 0.493341 0.281034
    outer loop
      vertex -6.31428 -6.17393 0
      vertex -6.33676 -6.13642 0
      vertex -7.19684 -7.03688 4.1
    endloop
  endfacet
  facet normal 0.769635 0.570928 0.285837
    outer loop
      vertex -6.28822 -6.20906 0
      vertex -6.31428 -6.17393 0
      vertex -7.19684 -7.03688 4.1
    endloop
  endfacet
  facet normal 0.709457 0.64311 0.288235
    outer loop
      vertex -6.25101 -6.25101 0
      vertex -6.28038 -6.21861 0
      vertex -7.12473 -7.12473 4.1
    endloop
  endfacet
  facet normal -0.57025 -0.770147 0.285813
    outer loop
      vertex 6.21403 6.28454 0
      vertex 7.03688 7.19684 4.1
      vertex 6.20906 6.28822 0
    endloop
  endfacet
  facet normal -0.570917 -0.769644 0.285835
    outer loop
      vertex 7.03688 7.19684 4.1
      vertex 6.21403 6.28454 0
      vertex 7.08258 7.16294 4.1
    endloop
  endfacet
  facet normal -0.643814 -0.708814 0.288246
    outer loop
      vertex 6.21861 6.28038 0
      vertex 7.08258 7.16294 4.1
      vertex 6.21403 6.28454 0
    endloop
  endfacet
  facet normal -0.643127 -0.709442 0.288236
    outer loop
      vertex 7.08258 7.16294 4.1
      vertex 6.21861 6.28038 0
      vertex 7.12473 7.12473 4.1
    endloop
  endfacet
  facet normal -0.142834 -0.960598 0.238431
    outer loop
      vertex 5.99057 6.39022 0
      vertex 6.77161 7.29175 4.1
      vertex 5.98445 6.39113 0
    endloop
  endfacet
  facet normal -0.142528 -0.960655 0.238385
    outer loop
      vertex 6.77161 7.29175 4.1
      vertex 5.99057 6.39022 0
      vertex 6.82789 7.2834 4.1
    endloop
  endfacet
  facet normal -0.0479342 -0.973845 0.222102
    outer loop
      vertex 5.94119 6.39755 0
      vertex 6.77161 7.29175 4.1
      vertex 5.89751 6.3997 0
    endloop
  endfacet
  facet normal -0.324821 -0.908089 0.264322
    outer loop
      vertex 6.08017 6.36337 0
      vertex 6.88307 7.26958 4.1
      vertex 6.03899 6.3781 0
    endloop
  endfacet
  facet normal -0.234681 -0.938725 0.252428
    outer loop
      vertex 5.99657 6.38872 0
      vertex 6.82789 7.2834 4.1
      vertex 5.99057 6.39022 0
    endloop
  endfacet
  facet normal -0.235078 -0.938611 0.252483
    outer loop
      vertex 6.82789 7.2834 4.1
      vertex 5.99657 6.38872 0
      vertex 6.88307 7.26958 4.1
    endloop
  endfacet
  facet normal -0.325943 -0.907651 0.264444
    outer loop
      vertex 6.08599 6.36128 0
      vertex 6.88307 7.26958 4.1
      vertex 6.08017 6.36337 0
    endloop
  endfacet
  facet normal -0.32474 -0.90812 0.264314
    outer loop
      vertex 6.88307 7.26958 4.1
      vertex 6.08599 6.36128 0
      vertex 6.93665 7.25042 4.1
    endloop
  endfacet
  facet normal -0.410722 -0.869673 0.273816
    outer loop
      vertex 6.09158 6.35864 0
      vertex 6.93665 7.25042 4.1
      vertex 6.08599 6.36128 0
    endloop
  endfacet
  facet normal -0.411283 -0.869391 0.27387
    outer loop
      vertex 6.93665 7.25042 4.1
      vertex 6.09158 6.35864 0
      vertex 6.98808 7.22609 4.1
    endloop
  endfacet
  facet normal -0.493756 -0.822926 0.281065
    outer loop
      vertex 6.13642 6.33676 0
      vertex 6.98808 7.22609 4.1
      vertex 6.13112 6.33994 0
    endloop
  endfacet
  facet normal -0.493388 -0.823156 0.281038
    outer loop
      vertex 6.98808 7.22609 4.1
      vertex 6.13642 6.33676 0
      vertex 7.03688 7.19684 4.1
    endloop
  endfacet
  facet normal 0.0479342 -0.973845 0.222102
    outer loop
      vertex -5.94119 6.39755 0
      vertex -5.89751 6.3997 0
      vertex -6.77161 7.29175 4.1
    endloop
  endfacet
  facet normal 0.32474 -0.90812 0.264314
    outer loop
      vertex -6.08599 6.36128 0
      vertex -6.88307 7.26958 4.1
      vertex -6.93665 7.25042 4.1
    endloop
  endfacet
  facet normal 0.325943 -0.907651 0.264444
    outer loop
      vertex -6.88307 7.26958 4.1
      vertex -6.08599 6.36128 0
      vertex -6.08017 6.36337 0
    endloop
  endfacet
  facet normal 0.324821 -0.908089 0.264322
    outer loop
      vertex -6.08017 6.36337 0
      vertex -6.03899 6.3781 0
      vertex -6.88307 7.26958 4.1
    endloop
  endfacet
  facet normal -0.869673 0.410722 0.273816
    outer loop
      vertex 6.35864 -6.09158 0
      vertex 7.25042 -6.93665 4.1
      vertex 6.36128 -6.08599 0
    endloop
  endfacet
  facet normal -0.869391 0.411283 0.27387
    outer loop
      vertex 7.25042 -6.93665 4.1
      vertex 6.35864 -6.09158 0
      vertex 7.22609 -6.98808 4.1
    endloop
  endfacet
  facet normal -0.973904 0.0472769 0.221982
    outer loop
      vertex 6.3997 -5.89751 0
      vertex 7.29454 -6.71478 4.1
      vertex 6.4 -5.89133 0
    endloop
  endfacet
  facet normal -0.973856 0.0478103 0.222078
    outer loop
      vertex 7.29454 -6.71478 4.1
      vertex 6.3997 -5.89751 0
      vertex 7.29175 -6.77161 4.1
    endloop
  endfacet
  facet normal -0.869438 0.411191 0.27386
    outer loop
      vertex 7.22609 -6.98808 4.1
      vertex 6.35864 -6.09158 0
      vertex 6.33994 -6.13112 0
    endloop
  endfacet
  facet normal -0.822926 0.493756 0.281065
    outer loop
      vertex 6.33676 -6.13642 0
      vertex 7.22609 -6.98808 4.1
      vertex 6.33994 -6.13112 0
    endloop
  endfacet
  facet normal -0.823156 0.493388 0.281038
    outer loop
      vertex 7.22609 -6.98808 4.1
      vertex 6.33676 -6.13642 0
      vertex 7.19684 -7.03688 4.1
    endloop
  endfacet
  facet normal -0.769635 0.570928 0.285837
    outer loop
      vertex 7.19684 -7.03688 4.1
      vertex 6.31428 -6.17393 0
      vertex 6.28822 -6.20906 0
    endloop
  endfacet
  facet normal -0.770147 0.57025 0.285813
    outer loop
      vertex 6.28454 -6.21403 0
      vertex 7.19684 -7.03688 4.1
      vertex 6.28822 -6.20906 0
    endloop
  endfacet
  facet normal -0.769644 0.570917 0.285835
    outer loop
      vertex 7.19684 -7.03688 4.1
      vertex 6.28454 -6.21403 0
      vertex 7.16294 -7.08258 4.1
    endloop
  endfacet
  facet normal -0.643127 0.709442 0.288236
    outer loop
      vertex 6.21861 -6.28038 0
      vertex 7.08258 -7.16294 4.1
      vertex 7.12473 -7.12473 4.1
    endloop
  endfacet
  facet normal -0.643814 0.708814 0.288246
    outer loop
      vertex 7.08258 -7.16294 4.1
      vertex 6.21861 -6.28038 0
      vertex 6.21403 -6.28454 0
    endloop
  endfacet
  facet normal -0.64311 0.709457 0.288235
    outer loop
      vertex 7.12473 -7.12473 4.1
      vertex 6.25101 -6.25101 0
      vertex 6.21861 -6.28038 0
    endloop
  endfacet
  facet normal 0.57025 0.770147 0.285813
    outer loop
      vertex -6.21403 -6.28454 0
      vertex -7.03688 -7.19684 4.1
      vertex -6.20906 -6.28822 0
    endloop
  endfacet
  facet normal 0.570917 0.769644 0.285835
    outer loop
      vertex -7.03688 -7.19684 4.1
      vertex -6.21403 -6.28454 0
      vertex -7.08258 -7.16294 4.1
    endloop
  endfacet
  facet normal 0.643814 0.708814 0.288246
    outer loop
      vertex -6.21861 -6.28038 0
      vertex -7.08258 -7.16294 4.1
      vertex -6.21403 -6.28454 0
    endloop
  endfacet
  facet normal 0.643127 0.709442 0.288236
    outer loop
      vertex -7.08258 -7.16294 4.1
      vertex -6.21861 -6.28038 0
      vertex -7.12473 -7.12473 4.1
    endloop
  endfacet
  facet normal 0.325943 0.907651 0.264444
    outer loop
      vertex -6.08599 -6.36128 0
      vertex -6.88307 -7.26958 4.1
      vertex -6.08017 -6.36337 0
    endloop
  endfacet
  facet normal 0.32474 0.90812 0.264314
    outer loop
      vertex -6.88307 -7.26958 4.1
      vertex -6.08599 -6.36128 0
      vertex -6.93665 -7.25042 4.1
    endloop
  endfacet
  facet normal 0.142565 0.960648 0.23839
    outer loop
      vertex -5.94119 -6.39755 0
      vertex -5.98445 -6.39113 0
      vertex -6.77161 -7.29175 4.1
    endloop
  endfacet
  facet normal 0.411191 0.869438 0.27386
    outer loop
      vertex -6.09158 -6.35864 0
      vertex -6.13112 -6.33994 0
      vertex -6.98808 -7.22609 4.1
    endloop
  endfacet
  facet normal 0.410722 0.869673 0.273816
    outer loop
      vertex -6.09158 -6.35864 0
      vertex -6.93665 -7.25042 4.1
      vertex -6.08599 -6.36128 0
    endloop
  endfacet
  facet normal 0.411283 0.869391 0.27387
    outer loop
      vertex -6.93665 -7.25042 4.1
      vertex -6.09158 -6.35864 0
      vertex -6.98808 -7.22609 4.1
    endloop
  endfacet
  facet normal 0.643127 -0.709442 0.288236
    outer loop
      vertex -6.21861 6.28038 0
      vertex -7.08258 7.16294 4.1
      vertex -7.12473 7.12473 4.1
    endloop
  endfacet
  facet normal 0.643814 -0.708814 0.288246
    outer loop
      vertex -7.08258 7.16294 4.1
      vertex -6.21861 6.28038 0
      vertex -6.21403 6.28454 0
    endloop
  endfacet
  facet normal 0.570928 -0.769635 0.285837
    outer loop
      vertex -6.20906 6.28822 0
      vertex -6.17393 6.31428 0
      vertex -7.03688 7.19684 4.1
    endloop
  endfacet
  facet normal 0.493341 -0.823186 0.281034
    outer loop
      vertex -6.17393 6.31428 0
      vertex -6.13642 6.33676 0
      vertex -7.03688 7.19684 4.1
    endloop
  endfacet
  facet normal 0.90812 -0.32474 0.264314
    outer loop
      vertex -7.26958 6.88307 4.1
      vertex -6.36128 6.08599 0
      vertex -7.25042 6.93665 4.1
    endloop
  endfacet
  facet normal 0.907651 -0.325943 0.264444
    outer loop
      vertex -6.36128 6.08599 0
      vertex -7.26958 6.88307 4.1
      vertex -6.36337 6.08017 0
    endloop
  endfacet
  facet normal 0.869391 -0.411283 0.27387
    outer loop
      vertex -7.25042 6.93665 4.1
      vertex -6.35864 6.09158 0
      vertex -7.22609 6.98808 4.1
    endloop
  endfacet
  facet normal 0.869673 -0.410722 0.273816
    outer loop
      vertex -6.35864 6.09158 0
      vertex -7.25042 6.93665 4.1
      vertex -6.36128 6.08599 0
    endloop
  endfacet
  facet normal 0.823186 -0.493341 0.281034
    outer loop
      vertex -6.33676 6.13642 0
      vertex -6.31428 6.17393 0
      vertex -7.19684 7.03688 4.1
    endloop
  endfacet
  facet normal 0.769635 -0.570928 0.285837
    outer loop
      vertex -6.31428 6.17393 0
      vertex -6.28822 6.20906 0
      vertex -7.19684 7.03688 4.1
    endloop
  endfacet
  facet normal 0.960655 -0.142528 0.238385
    outer loop
      vertex -7.29175 6.77161 4.1
      vertex -6.39022 5.99057 0
      vertex -7.2834 6.82789 4.1
    endloop
  endfacet
  facet normal 0.960598 -0.142834 0.238431
    outer loop
      vertex -6.39022 5.99057 0
      vertex -7.29175 6.77161 4.1
      vertex -6.39113 5.98445 0
    endloop
  endfacet
  facet normal 0.973904 0.0472769 0.221982
    outer loop
      vertex -7.29454 -6.71478 4.1
      vertex -6.3997 -5.89751 0
      vertex -6.4 -5.89133 0
    endloop
  endfacet
  facet normal 0.973856 0.0478103 0.222078
    outer loop
      vertex -6.3997 -5.89751 0
      vertex -7.29454 -6.71478 4.1
      vertex -7.29175 -6.77161 4.1
    endloop
  endfacet
  facet normal 0.938725 0.234681 0.252428
    outer loop
      vertex -7.2834 -6.82789 4.1
      vertex -6.38872 -5.99657 0
      vertex -6.39022 -5.99057 0
    endloop
  endfacet
  facet normal 0.938611 0.235078 0.252483
    outer loop
      vertex -6.38872 -5.99657 0
      vertex -7.2834 -6.82789 4.1
      vertex -7.26958 -6.88307 4.1
    endloop
  endfacet
  facet normal 0.908089 0.324821 0.264322
    outer loop
      vertex -6.36337 -6.08017 0
      vertex -6.3781 -6.03899 0
      vertex -7.26958 -6.88307 4.1
    endloop
  endfacet
  facet normal 0.907651 0.325943 0.264444
    outer loop
      vertex -7.26958 -6.88307 4.1
      vertex -6.36128 -6.08599 0
      vertex -6.36337 -6.08017 0
    endloop
  endfacet
  facet normal 0.90812 0.32474 0.264314
    outer loop
      vertex -6.36128 -6.08599 0
      vertex -7.26958 -6.88307 4.1
      vertex -7.25042 -6.93665 4.1
    endloop
  endfacet
  facet normal 0.822926 0.493756 0.281065
    outer loop
      vertex -7.22609 -6.98808 4.1
      vertex -6.33676 -6.13642 0
      vertex -6.33994 -6.13112 0
    endloop
  endfacet
  facet normal 0.823156 0.493388 0.281038
    outer loop
      vertex -6.33676 -6.13642 0
      vertex -7.22609 -6.98808 4.1
      vertex -7.19684 -7.03688 4.1
    endloop
  endfacet
  facet normal 0.770147 0.57025 0.285813
    outer loop
      vertex -7.19684 -7.03688 4.1
      vertex -6.28454 -6.21403 0
      vertex -6.28822 -6.20906 0
    endloop
  endfacet
  facet normal 0.769644 0.570917 0.285835
    outer loop
      vertex -6.28454 -6.21403 0
      vertex -7.19684 -7.03688 4.1
      vertex -7.16294 -7.08258 4.1
    endloop
  endfacet
  facet normal 0.708814 0.643814 0.288246
    outer loop
      vertex -7.16294 -7.08258 4.1
      vertex -6.28038 -6.21861 0
      vertex -6.28454 -6.21403 0
    endloop
  endfacet
  facet normal 0.709442 0.643127 0.288236
    outer loop
      vertex -6.28038 -6.21861 0
      vertex -7.16294 -7.08258 4.1
      vertex -7.12473 -7.12473 4.1
    endloop
  endfacet
  facet normal -0.570928 -0.769635 0.285837
    outer loop
      vertex 6.20906 6.28822 0
      vertex 7.03688 7.19684 4.1
      vertex 6.17393 6.31428 0
    endloop
  endfacet
  facet normal -0.142565 -0.960648 0.23839
    outer loop
      vertex 5.98445 6.39113 0
      vertex 6.77161 7.29175 4.1
      vertex 5.94119 6.39755 0
    endloop
  endfacet
  facet normal -0.234991 -0.938636 0.25247
    outer loop
      vertex 6.03899 6.3781 0
      vertex 6.88307 7.26958 4.1
      vertex 5.99657 6.38872 0
    endloop
  endfacet
  facet normal 0.235078 -0.938611 0.252483
    outer loop
      vertex -5.99657 6.38872 0
      vertex -6.82789 7.2834 4.1
      vertex -6.88307 7.26958 4.1
    endloop
  endfacet
  facet normal 0.234681 -0.938725 0.252428
    outer loop
      vertex -6.82789 7.2834 4.1
      vertex -5.99657 6.38872 0
      vertex -5.99057 6.39022 0
    endloop
  endfacet
  facet normal 0.411191 -0.869438 0.27386
    outer loop
      vertex -6.13112 6.33994 0
      vertex -6.09158 6.35864 0
      vertex -6.98808 7.22609 4.1
    endloop
  endfacet
  facet normal -0.938611 -0.235078 0.252483
    outer loop
      vertex 6.38872 5.99657 0
      vertex 7.2834 6.82789 4.1
      vertex 7.26958 6.88307 4.1
    endloop
  endfacet
  facet normal -0.938725 -0.234681 0.252428
    outer loop
      vertex 7.2834 6.82789 4.1
      vertex 6.38872 5.99657 0
      vertex 6.39022 5.99057 0
    endloop
  endfacet
  facet normal -0.869391 -0.411283 0.27387
    outer loop
      vertex 6.35864 6.09158 0
      vertex 7.25042 6.93665 4.1
      vertex 7.22609 6.98808 4.1
    endloop
  endfacet
  facet normal -0.869673 -0.410722 0.273816
    outer loop
      vertex 7.25042 6.93665 4.1
      vertex 6.35864 6.09158 0
      vertex 6.36128 6.08599 0
    endloop
  endfacet
  facet normal -0.938636 0.234991 0.25247
    outer loop
      vertex 7.26958 -6.88307 4.1
      vertex 6.38872 -5.99657 0
      vertex 6.3781 -6.03899 0
    endloop
  endfacet
  facet normal -0.938725 0.234681 0.252428
    outer loop
      vertex 6.38872 -5.99657 0
      vertex 7.2834 -6.82789 4.1
      vertex 6.39022 -5.99057 0
    endloop
  endfacet
  facet normal -0.938611 0.235078 0.252483
    outer loop
      vertex 7.2834 -6.82789 4.1
      vertex 6.38872 -5.99657 0
      vertex 7.26958 -6.88307 4.1
    endloop
  endfacet
  facet normal -0.973845 0.0479342 0.222102
    outer loop
      vertex 7.29175 -6.77161 4.1
      vertex 6.3997 -5.89751 0
      vertex 6.39755 -5.94119 0
    endloop
  endfacet
  facet normal -0.960648 0.142565 0.23839
    outer loop
      vertex 7.29175 -6.77161 4.1
      vertex 6.39755 -5.94119 0
      vertex 6.39113 -5.98445 0
    endloop
  endfacet
  facet normal 0.493341 0.823186 0.281034
    outer loop
      vertex -6.13642 -6.33676 0
      vertex -6.17393 -6.31428 0
      vertex -7.03688 -7.19684 4.1
    endloop
  endfacet
  facet normal 0.0479342 0.973845 0.222102
    outer loop
      vertex -5.89751 -6.3997 0
      vertex -5.94119 -6.39755 0
      vertex -6.77161 -7.29175 4.1
    endloop
  endfacet
  facet normal 0.0472769 0.973904 0.221982
    outer loop
      vertex -5.89751 -6.3997 0
      vertex -6.71478 -7.29454 4.1
      vertex -5.89133 -6.4 0
    endloop
  endfacet
  facet normal 0.0478103 0.973856 0.222078
    outer loop
      vertex -6.71478 -7.29454 4.1
      vertex -5.89751 -6.3997 0
      vertex -6.77161 -7.29175 4.1
    endloop
  endfacet
  facet normal 0.234681 0.938725 0.252428
    outer loop
      vertex -5.99657 -6.38872 0
      vertex -6.82789 -7.2834 4.1
      vertex -5.99057 -6.39022 0
    endloop
  endfacet
  facet normal 0.235078 0.938611 0.252483
    outer loop
      vertex -6.82789 -7.2834 4.1
      vertex -5.99657 -6.38872 0
      vertex -6.88307 -7.26958 4.1
    endloop
  endfacet
  facet normal 0.234991 0.938636 0.25247
    outer loop
      vertex -5.99657 -6.38872 0
      vertex -6.03899 -6.3781 0
      vertex -6.88307 -7.26958 4.1
    endloop
  endfacet
  facet normal 0.64311 -0.709457 0.288235
    outer loop
      vertex -6.25101 6.25101 0
      vertex -6.21861 6.28038 0
      vertex -7.12473 7.12473 4.1
    endloop
  endfacet
  facet normal 0.709457 -0.64311 0.288235
    outer loop
      vertex -6.28038 6.21861 0
      vertex -6.25101 6.25101 0
      vertex -7.12473 7.12473 4.1
    endloop
  endfacet
  facet normal 0.823156 -0.493388 0.281038
    outer loop
      vertex -7.22609 6.98808 4.1
      vertex -6.33676 6.13642 0
      vertex -7.19684 7.03688 4.1
    endloop
  endfacet
  facet normal 0.822926 -0.493756 0.281065
    outer loop
      vertex -6.33676 6.13642 0
      vertex -7.22609 6.98808 4.1
      vertex -6.33994 6.13112 0
    endloop
  endfacet
  facet normal 0.908089 -0.324821 0.264322
    outer loop
      vertex -6.3781 6.03899 0
      vertex -6.36337 6.08017 0
      vertex -7.26958 6.88307 4.1
    endloop
  endfacet
  facet normal 0.938636 -0.234991 0.25247
    outer loop
      vertex -6.38872 5.99657 0
      vertex -6.3781 6.03899 0
      vertex -7.26958 6.88307 4.1
    endloop
  endfacet
  facet normal 0.960648 0.142565 0.23839
    outer loop
      vertex -6.39113 -5.98445 0
      vertex -6.39755 -5.94119 0
      vertex -7.29175 -6.77161 4.1
    endloop
  endfacet
  facet normal 0.973845 0.0479342 0.222102
    outer loop
      vertex -6.39755 -5.94119 0
      vertex -6.3997 -5.89751 0
      vertex -7.29175 -6.77161 4.1
    endloop
  endfacet
  facet normal 0.938636 0.234991 0.25247
    outer loop
      vertex -6.3781 -6.03899 0
      vertex -6.38872 -5.99657 0
      vertex -7.26958 -6.88307 4.1
    endloop
  endfacet
  facet normal 0.869438 0.411191 0.27386
    outer loop
      vertex -6.33994 -6.13112 0
      vertex -6.35864 -6.09158 0
      vertex -7.22609 -6.98808 4.1
    endloop
  endfacet
  facet normal 0.142528 -0.960655 0.238385
    outer loop
      vertex -5.99057 6.39022 0
      vertex -6.77161 7.29175 4.1
      vertex -6.82789 7.2834 4.1
    endloop
  endfacet
  facet normal 0.142834 -0.960598 0.238431
    outer loop
      vertex -6.77161 7.29175 4.1
      vertex -5.99057 6.39022 0
      vertex -5.98445 6.39113 0
    endloop
  endfacet
  facet normal 0.142565 -0.960648 0.23839
    outer loop
      vertex -5.98445 6.39113 0
      vertex -5.94119 6.39755 0
      vertex -6.77161 7.29175 4.1
    endloop
  endfacet
  facet normal -0.973856 -0.0478103 0.222078
    outer loop
      vertex 6.3997 5.89751 0
      vertex 7.29454 6.71478 4.1
      vertex 7.29175 6.77161 4.1
    endloop
  endfacet
  facet normal -0.973904 -0.0472769 0.221982
    outer loop
      vertex 7.29454 6.71478 4.1
      vertex 6.3997 5.89751 0
      vertex 6.4 5.89133 0
    endloop
  endfacet
  facet normal -0.908089 -0.324821 0.264322
    outer loop
      vertex 6.3781 6.03899 0
      vertex 7.26958 6.88307 4.1
      vertex 6.36337 6.08017 0
    endloop
  endfacet
  facet normal -0.90812 -0.32474 0.264314
    outer loop
      vertex 6.36128 6.08599 0
      vertex 7.26958 6.88307 4.1
      vertex 7.25042 6.93665 4.1
    endloop
  endfacet
  facet normal -0.907651 -0.325943 0.264444
    outer loop
      vertex 7.26958 6.88307 4.1
      vertex 6.36128 6.08599 0
      vertex 6.36337 6.08017 0
    endloop
  endfacet
  facet normal -0.960655 -0.142528 0.238385
    outer loop
      vertex 6.39022 5.99057 0
      vertex 7.29175 6.77161 4.1
      vertex 7.2834 6.82789 4.1
    endloop
  endfacet
  facet normal -0.960598 -0.142834 0.238431
    outer loop
      vertex 7.29175 6.77161 4.1
      vertex 6.39022 5.99057 0
      vertex 6.39113 5.98445 0
    endloop
  endfacet
  facet normal -0.908089 0.324821 0.264322
    outer loop
      vertex 7.26958 -6.88307 4.1
      vertex 6.3781 -6.03899 0
      vertex 6.36337 -6.08017 0
    endloop
  endfacet
  facet normal 0.960648 -0.142565 0.23839
    outer loop
      vertex -6.39755 5.94119 0
      vertex -6.39113 5.98445 0
      vertex -7.29175 6.77161 4.1
    endloop
  endfacet
  facet normal 0.234991 -0.938636 0.25247
    outer loop
      vertex -6.03899 6.3781 0
      vertex -5.99657 6.38872 0
      vertex -6.88307 7.26958 4.1
    endloop
  endfacet
  facet normal -0.823186 -0.493341 0.281034
    outer loop
      vertex 6.33676 6.13642 0
      vertex 7.19684 7.03688 4.1
      vertex 6.31428 6.17393 0
    endloop
  endfacet
  facet normal -0.709442 -0.643127 0.288236
    outer loop
      vertex 6.28038 6.21861 0
      vertex 7.16294 7.08258 4.1
      vertex 7.12473 7.12473 4.1
    endloop
  endfacet
  facet normal -0.708814 -0.643814 0.288246
    outer loop
      vertex 7.16294 7.08258 4.1
      vertex 6.28038 6.21861 0
      vertex 6.28454 6.21403 0
    endloop
  endfacet
  facet normal -0.938636 -0.234991 0.25247
    outer loop
      vertex 6.38872 5.99657 0
      vertex 7.26958 6.88307 4.1
      vertex 6.3781 6.03899 0
    endloop
  endfacet
  facet normal -0.960648 -0.142565 0.23839
    outer loop
      vertex 6.39755 5.94119 0
      vertex 7.29175 6.77161 4.1
      vertex 6.39113 5.98445 0
    endloop
  endfacet
  facet normal -0.973845 -0.0479342 0.222102
    outer loop
      vertex 6.3997 5.89751 0
      vertex 7.29175 6.77161 4.1
      vertex 6.39755 5.94119 0
    endloop
  endfacet
  facet normal -0.769644 -0.570917 0.285835
    outer loop
      vertex 6.28454 6.21403 0
      vertex 7.19684 7.03688 4.1
      vertex 7.16294 7.08258 4.1
    endloop
  endfacet
  facet normal -0.770147 -0.57025 0.285813
    outer loop
      vertex 7.19684 7.03688 4.1
      vertex 6.28454 6.21403 0
      vertex 6.28822 6.20906 0
    endloop
  endfacet
  facet normal -0.769635 -0.570928 0.285837
    outer loop
      vertex 6.31428 6.17393 0
      vertex 7.19684 7.03688 4.1
      vertex 6.28822 6.20906 0
    endloop
  endfacet
  facet normal -0.823156 -0.493388 0.281038
    outer loop
      vertex 6.33676 6.13642 0
      vertex 7.22609 6.98808 4.1
      vertex 7.19684 7.03688 4.1
    endloop
  endfacet
  facet normal -0.822926 -0.493756 0.281065
    outer loop
      vertex 7.22609 6.98808 4.1
      vertex 6.33676 6.13642 0
      vertex 6.33994 6.13112 0
    endloop
  endfacet
  facet normal -0.869438 -0.411191 0.27386
    outer loop
      vertex 6.35864 6.09158 0
      vertex 7.22609 6.98808 4.1
      vertex 6.33994 6.13112 0
    endloop
  endfacet
  facet normal -0.709457 -0.64311 0.288235
    outer loop
      vertex 6.28038 6.21861 0
      vertex 7.12473 7.12473 4.1
      vertex 6.25101 6.25101 0
    endloop
  endfacet
  facet normal -0.0980167 -0.00481599 0.995173
    outer loop
      vertex 5.24764 0.174704 5.5
      vertex 5.23091 0.515199 5.5
      vertex 2.92988 0.288568 5.27227
    endloop
  endfacet
  facet normal 0.0951943 -0.0238446 0.995173
    outer loop
      vertex -5.11272 1.19511 5.5
      vertex -2.88749 0.574357 5.27227
      vertex -2.81729 0.854615 5.27227
    endloop
  endfacet
  facet normal 0.0951942 -0.0238448 0.995173
    outer loop
      vertex -2.88749 0.574357 5.27227
      vertex -5.11272 1.19511 5.5
      vertex -5.15522 1.02544 5.5
    endloop
  endfacet
  facet normal 0.0923984 0.0330611 0.995173
    outer loop
      vertex -4.91504 -1.84678 5.5
      vertex -2.81729 -0.854615 5.27227
      vertex -5.02989 -1.5258 5.5
    endloop
  endfacet
  facet normal 0.0330601 0.0923988 0.995173
    outer loop
      vertex -1.12664 -2.71996 5.27227
      vertex -1.84678 -4.91504 5.5
      vertex -0.854615 -2.81729 5.27227
    endloop
  endfacet
  facet normal 0.0330623 0.0923981 0.995173
    outer loop
      vertex -1.84678 -4.91504 5.5
      vertex -1.12664 -2.71996 5.27227
      vertex -2.01147 -4.85611 5.5
    endloop
  endfacet
  facet normal -0.0980169 -0.00481377 0.995173
    outer loop
      vertex 5.24764 0.174704 5.5
      vertex 2.94406 0 5.27227
      vertex 5.25622 0 5.5
    endloop
  endfacet
  facet normal -0.0980167 -0.00481646 0.995173
    outer loop
      vertex 2.94406 0 5.27227
      vertex 5.24764 0.174704 5.5
      vertex 2.92988 0.288568 5.27227
    endloop
  endfacet
  facet normal 0.00481377 -0.0980169 0.995173
    outer loop
      vertex -0.174704 5.24764 5.5
      vertex 0 2.94406 5.27227
      vertex 0 5.25622 5.5
    endloop
  endfacet
  facet normal 0.00481646 -0.0980167 0.995173
    outer loop
      vertex 0 2.94406 5.27227
      vertex -0.174704 5.24764 5.5
      vertex -0.288568 2.92988 5.27227
    endloop
  endfacet
  facet normal -0.0330611 0.0923984 0.995173
    outer loop
      vertex 1.5258 -5.02989 5.5
      vertex 1.84678 -4.91504 5.5
      vertex 0.854615 -2.81729 5.27227
    endloop
  endfacet
  facet normal -0.0841739 0.0504508 0.995173
    outer loop
      vertex 4.46031 -2.77017 5.5
      vertex 4.63557 -2.47776 5.5
      vertex 2.59643 -1.38782 5.27227
    endloop
  endfacet
  facet normal 0.0951943 0.0238446 0.995173
    outer loop
      vertex -2.88749 -0.574357 5.27227
      vertex -5.11272 -1.19511 5.5
      vertex -2.81729 -0.854615 5.27227
    endloop
  endfacet
  facet normal 0.0951942 0.0238448 0.995173
    outer loop
      vertex -5.11272 -1.19511 5.5
      vertex -2.88749 -0.574357 5.27227
      vertex -5.15522 -1.02544 5.5
    endloop
  endfacet
  facet normal 0.0980167 0.00481599 0.995173
    outer loop
      vertex -5.23091 -0.515199 5.5
      vertex -2.92988 -0.288568 5.27227
      vertex -5.24764 -0.174704 5.5
    endloop
  endfacet
  facet normal 0.0788228 0.0584593 0.995173
    outer loop
      vertex -4.06311 -3.33451 5.5
      vertex -2.27579 -1.86769 5.27227
      vertex -4.26619 -3.06069 5.5
    endloop
  endfacet
  facet normal -0.0659045 0.0727126 0.995173
    outer loop
      vertex 3.33451 -4.06311 5.5
      vertex 3.5871 -3.83417 5.5
      vertex 1.86769 -2.27579 5.27227
    endloop
  endfacet
  facet normal -0.0504508 0.0841739 0.995173
    outer loop
      vertex 2.47776 -4.63557 5.5
      vertex 2.77017 -4.46031 5.5
      vertex 1.38782 -2.59643 5.27227
    endloop
  endfacet
  facet normal -0.0887143 0.0419558 0.995173
    outer loop
      vertex 2.71996 -1.12664 5.27227
      vertex 4.78133 -2.16959 5.5
      vertex 4.85611 -2.01147 5.5
    endloop
  endfacet
  facet normal -0.0887129 0.0419585 0.995173
    outer loop
      vertex 4.78133 -2.16959 5.5
      vertex 2.71996 -1.12664 5.27227
      vertex 2.59643 -1.38782 5.27227
    endloop
  endfacet
  facet normal -0.0951944 0.0238439 0.995173
    outer loop
      vertex 5.02989 -1.5258 5.5
      vertex 5.11272 -1.19511 5.5
      vertex 2.81729 -0.854615 5.27227
    endloop
  endfacet
  facet normal 0.0143985 -0.097073 0.995173
    outer loop
      vertex -0.852415 5.18089 5.5
      vertex -0.574357 2.88749 5.27227
      vertex -0.288568 2.92988 5.27227
    endloop
  endfacet
  facet normal 0.0144017 -0.0970726 0.995173
    outer loop
      vertex -0.574357 2.88749 5.27227
      vertex -0.852415 5.18089 5.5
      vertex -1.02544 5.15522 5.5
    endloop
  endfacet
  facet normal 0.0584611 -0.0788214 0.995173
    outer loop
      vertex -3.06069 4.26619 5.5
      vertex -1.63563 2.4479 5.27227
      vertex -2.9202 4.37039 5.5
    endloop
  endfacet
  facet normal 0.0584597 -0.0788225 0.995173
    outer loop
      vertex -1.63563 2.4479 5.27227
      vertex -3.06069 4.26619 5.5
      vertex -1.86769 2.27579 5.27227
    endloop
  endfacet
  facet normal -0.0887125 0.0419597 0.995173
    outer loop
      vertex 4.63557 -2.47776 5.5
      vertex 4.78133 -2.16959 5.5
      vertex 2.59643 -1.38782 5.27227
    endloop
  endfacet
  facet normal 0.0970728 0.014399 0.995173
    outer loop
      vertex -5.18089 -0.852415 5.5
      vertex -2.92988 -0.288568 5.27227
      vertex -5.23091 -0.515199 5.5
    endloop
  endfacet
  facet normal -0.014399 0.0970728 0.995173
    outer loop
      vertex 0.515199 -5.23091 5.5
      vertex 0.852415 -5.18089 5.5
      vertex 0.288568 -2.92988 5.27227
    endloop
  endfacet
  facet normal -0.0980167 0.00481599 0.995173
    outer loop
      vertex 5.23091 -0.515199 5.5
      vertex 5.24764 -0.174704 5.5
      vertex 2.92988 -0.288568 5.27227
    endloop
  endfacet
  facet normal -0.0970728 0.014399 0.995173
    outer loop
      vertex 5.18089 -0.852415 5.5
      vertex 5.23091 -0.515199 5.5
      vertex 2.92988 -0.288568 5.27227
    endloop
  endfacet
  facet normal -0.0970726 -0.0144017 0.995173
    outer loop
      vertex 2.88749 0.574357 5.27227
      vertex 5.18089 0.852415 5.5
      vertex 5.15522 1.02544 5.5
    endloop
  endfacet
  facet normal -0.097073 -0.0143985 0.995173
    outer loop
      vertex 5.18089 0.852415 5.5
      vertex 2.88749 0.574357 5.27227
      vertex 2.92988 0.288568 5.27227
    endloop
  endfacet
  facet normal 0.0659045 -0.0727126 0.995173
    outer loop
      vertex -1.86769 2.27579 5.27227
      vertex -3.33451 4.06311 5.5
      vertex -3.5871 3.83417 5.5
    endloop
  endfacet
  facet normal -0.0584593 -0.0788228 0.995173
    outer loop
      vertex 3.33451 4.06311 5.5
      vertex 3.06069 4.26619 5.5
      vertex 1.86769 2.27579 5.27227
    endloop
  endfacet
  facet normal 0.0330601 -0.0923988 0.995173
    outer loop
      vertex -1.84678 4.91504 5.5
      vertex -1.12664 2.71996 5.27227
      vertex -0.854615 2.81729 5.27227
    endloop
  endfacet
  facet normal 0.0330623 -0.0923981 0.995173
    outer loop
      vertex -1.12664 2.71996 5.27227
      vertex -1.84678 4.91504 5.5
      vertex -2.01147 4.85611 5.5
    endloop
  endfacet
  facet normal 0.0980167 -0.00481599 0.995173
    outer loop
      vertex -2.92988 0.288568 5.27227
      vertex -5.23091 0.515199 5.5
      vertex -5.24764 0.174704 5.5
    endloop
  endfacet
  facet normal 0.0788228 -0.0584593 0.995173
    outer loop
      vertex -2.27579 1.86769 5.27227
      vertex -4.06311 3.33451 5.5
      vertex -4.26619 3.06069 5.5
    endloop
  endfacet
  facet normal 0.0841739 -0.0504508 0.995173
    outer loop
      vertex -2.59643 1.38782 5.27227
      vertex -4.46031 2.77017 5.5
      vertex -4.63557 2.47776 5.5
    endloop
  endfacet
  facet normal 0.0419585 0.0887129 0.995173
    outer loop
      vertex -2.16959 -4.78133 5.5
      vertex -1.12664 -2.71996 5.27227
      vertex -1.38782 -2.59643 5.27227
    endloop
  endfacet
  facet normal 0.0419558 0.0887143 0.995173
    outer loop
      vertex -1.12664 -2.71996 5.27227
      vertex -2.16959 -4.78133 5.5
      vertex -2.01147 -4.85611 5.5
    endloop
  endfacet
  facet normal 0.0788225 0.0584597 0.995173
    outer loop
      vertex -2.4479 -1.63563 5.27227
      vertex -4.26619 -3.06069 5.5
      vertex -2.27579 -1.86769 5.27227
    endloop
  endfacet
  facet normal 0.0788214 0.0584611 0.995173
    outer loop
      vertex -4.26619 -3.06069 5.5
      vertex -2.4479 -1.63563 5.27227
      vertex -4.37039 -2.9202 5.5
    endloop
  endfacet
  facet normal 0.0841739 0.0504508 0.995173
    outer loop
      vertex -4.46031 -2.77017 5.5
      vertex -2.59643 -1.38782 5.27227
      vertex -4.63557 -2.47776 5.5
    endloop
  endfacet
  facet normal -0.0923984 0.0330611 0.995173
    outer loop
      vertex 4.91504 -1.84678 5.5
      vertex 5.02989 -1.5258 5.5
      vertex 2.81729 -0.854615 5.27227
    endloop
  endfacet
  facet normal -0.0727126 0.0659045 0.995173
    outer loop
      vertex 3.83417 -3.5871 5.5
      vertex 4.06311 -3.33451 5.5
      vertex 2.27579 -1.86769 5.27227
    endloop
  endfacet
  facet normal -0.0419597 0.0887125 0.995173
    outer loop
      vertex 2.16959 -4.78133 5.5
      vertex 2.47776 -4.63557 5.5
      vertex 1.38782 -2.59643 5.27227
    endloop
  endfacet
  facet normal 0.00481377 0.0980169 0.995173
    outer loop
      vertex 0 -2.94406 5.27227
      vertex -0.174704 -5.24764 5.5
      vertex 0 -5.25622 5.5
    endloop
  endfacet
  facet normal 0.00481646 0.0980167 0.995173
    outer loop
      vertex -0.174704 -5.24764 5.5
      vertex 0 -2.94406 5.27227
      vertex -0.288568 -2.92988 5.27227
    endloop
  endfacet
  facet normal 0.0584593 0.0788228 0.995173
    outer loop
      vertex -3.06069 -4.26619 5.5
      vertex -1.86769 -2.27579 5.27227
      vertex -3.33451 -4.06311 5.5
    endloop
  endfacet
  facet normal 0.0238446 0.0951943 0.995173
    outer loop
      vertex -1.19511 -5.11272 5.5
      vertex -0.574357 -2.88749 5.27227
      vertex -0.854615 -2.81729 5.27227
    endloop
  endfacet
  facet normal 0.0238448 0.0951942 0.995173
    outer loop
      vertex -0.574357 -2.88749 5.27227
      vertex -1.19511 -5.11272 5.5
      vertex -1.02544 -5.15522 5.5
    endloop
  endfacet
  facet normal 0.0951944 0.0238439 0.995173
    outer loop
      vertex -5.02989 -1.5258 5.5
      vertex -2.81729 -0.854615 5.27227
      vertex -5.11272 -1.19511 5.5
    endloop
  endfacet
  facet normal 0.0980167 0.00481646 0.995173
    outer loop
      vertex -2.94406 0 5.27227
      vertex -5.24764 -0.174704 5.5
      vertex -2.92988 -0.288568 5.27227
    endloop
  endfacet
  facet normal 0.0980169 0.00481377 0.995173
    outer loop
      vertex -5.24764 -0.174704 5.5
      vertex -2.94406 0 5.27227
      vertex -5.25622 0 5.5
    endloop
  endfacet
  facet normal -0.0970728 -0.014399 0.995173
    outer loop
      vertex 5.23091 0.515199 5.5
      vertex 5.18089 0.852415 5.5
      vertex 2.92988 0.288568 5.27227
    endloop
  endfacet
  facet normal 0.0951944 -0.0238439 0.995173
    outer loop
      vertex -2.81729 0.854615 5.27227
      vertex -5.02989 1.5258 5.5
      vertex -5.11272 1.19511 5.5
    endloop
  endfacet
  facet normal 0.0727165 -0.0658998 0.995173
    outer loop
      vertex -3.83417 3.5871 5.5
      vertex -2.08176 2.08176 5.27227
      vertex -3.71671 3.71671 5.5
    endloop
  endfacet
  facet normal 0.072712 -0.0659051 0.995173
    outer loop
      vertex -2.08176 2.08176 5.27227
      vertex -3.83417 3.5871 5.5
      vertex -2.27579 1.86769 5.27227
    endloop
  endfacet
  facet normal 0.0659051 -0.072712 0.995173
    outer loop
      vertex -3.5871 3.83417 5.5
      vertex -2.08176 2.08176 5.27227
      vertex -1.86769 2.27579 5.27227
    endloop
  endfacet
  facet normal 0.0658998 -0.0727165 0.995173
    outer loop
      vertex -2.08176 2.08176 5.27227
      vertex -3.5871 3.83417 5.5
      vertex -3.71671 3.71671 5.5
    endloop
  endfacet
  facet normal -0.0144017 -0.0970726 0.995173
    outer loop
      vertex 0.852415 5.18089 5.5
      vertex 0.574357 2.88749 5.27227
      vertex 1.02544 5.15522 5.5
    endloop
  endfacet
  facet normal -0.0143985 -0.097073 0.995173
    outer loop
      vertex 0.574357 2.88749 5.27227
      vertex 0.852415 5.18089 5.5
      vertex 0.288568 2.92988 5.27227
    endloop
  endfacet
  facet normal -0.0923981 -0.0330623 0.995173
    outer loop
      vertex 2.71996 1.12664 5.27227
      vertex 4.91504 1.84678 5.5
      vertex 4.85611 2.01147 5.5
    endloop
  endfacet
  facet normal -0.0923988 -0.0330601 0.995173
    outer loop
      vertex 4.91504 1.84678 5.5
      vertex 2.71996 1.12664 5.27227
      vertex 2.81729 0.854615 5.27227
    endloop
  endfacet
  facet normal 0.00481599 -0.0980167 0.995173
    outer loop
      vertex -0.288568 2.92988 5.27227
      vertex -0.174704 5.24764 5.5
      vertex -0.515199 5.23091 5.5
    endloop
  endfacet
  facet normal 0.014399 -0.0970728 0.995173
    outer loop
      vertex -0.288568 2.92988 5.27227
      vertex -0.515199 5.23091 5.5
      vertex -0.852415 5.18089 5.5
    endloop
  endfacet
  facet normal 0.0727126 -0.0659045 0.995173
    outer loop
      vertex -2.27579 1.86769 5.27227
      vertex -3.83417 3.5871 5.5
      vertex -4.06311 3.33451 5.5
    endloop
  endfacet
  facet normal 0.072712 0.0659051 0.995173
    outer loop
      vertex -3.83417 -3.5871 5.5
      vertex -2.08176 -2.08176 5.27227
      vertex -2.27579 -1.86769 5.27227
    endloop
  endfacet
  facet normal 0.0727165 0.0658998 0.995173
    outer loop
      vertex -2.08176 -2.08176 5.27227
      vertex -3.83417 -3.5871 5.5
      vertex -3.71671 -3.71671 5.5
    endloop
  endfacet
  facet normal 0.0887125 0.0419597 0.995173
    outer loop
      vertex -4.63557 -2.47776 5.5
      vertex -2.59643 -1.38782 5.27227
      vertex -4.78133 -2.16959 5.5
    endloop
  endfacet
  facet normal 0.0923988 0.0330601 0.995173
    outer loop
      vertex -4.91504 -1.84678 5.5
      vertex -2.71996 -1.12664 5.27227
      vertex -2.81729 -0.854615 5.27227
    endloop
  endfacet
  facet normal 0.0923981 0.0330623 0.995173
    outer loop
      vertex -2.71996 -1.12664 5.27227
      vertex -4.91504 -1.84678 5.5
      vertex -4.85611 -2.01147 5.5
    endloop
  endfacet
  facet normal -0.0923988 0.0330601 0.995173
    outer loop
      vertex 2.71996 -1.12664 5.27227
      vertex 4.91504 -1.84678 5.5
      vertex 2.81729 -0.854615 5.27227
    endloop
  endfacet
  facet normal -0.0923981 0.0330623 0.995173
    outer loop
      vertex 4.91504 -1.84678 5.5
      vertex 2.71996 -1.12664 5.27227
      vertex 4.85611 -2.01147 5.5
    endloop
  endfacet
  facet normal -0.0980169 0.00481377 0.995173
    outer loop
      vertex 2.94406 0 5.27227
      vertex 5.24764 -0.174704 5.5
      vertex 5.25622 0 5.5
    endloop
  endfacet
  facet normal -0.0980167 0.00481646 0.995173
    outer loop
      vertex 5.24764 -0.174704 5.5
      vertex 2.94406 0 5.27227
      vertex 2.92988 -0.288568 5.27227
    endloop
  endfacet
  facet normal -0.0788228 0.0584593 0.995173
    outer loop
      vertex 4.06311 -3.33451 5.5
      vertex 4.26619 -3.06069 5.5
      vertex 2.27579 -1.86769 5.27227
    endloop
  endfacet
  facet normal -0.0841736 0.0504512 0.995173
    outer loop
      vertex 2.4479 -1.63563 5.27227
      vertex 4.46031 -2.77017 5.5
      vertex 2.59643 -1.38782 5.27227
    endloop
  endfacet
  facet normal -0.0841745 0.0504497 0.995173
    outer loop
      vertex 4.46031 -2.77017 5.5
      vertex 2.4479 -1.63563 5.27227
      vertex 4.37039 -2.9202 5.5
    endloop
  endfacet
  facet normal -0.072712 0.0659051 0.995173
    outer loop
      vertex 2.08176 -2.08176 5.27227
      vertex 3.83417 -3.5871 5.5
      vertex 2.27579 -1.86769 5.27227
    endloop
  endfacet
  facet normal -0.0727165 0.0658998 0.995173
    outer loop
      vertex 3.83417 -3.5871 5.5
      vertex 2.08176 -2.08176 5.27227
      vertex 3.71671 -3.71671 5.5
    endloop
  endfacet
  facet normal -0.0658998 0.0727165 0.995173
    outer loop
      vertex 2.08176 -2.08176 5.27227
      vertex 3.5871 -3.83417 5.5
      vertex 3.71671 -3.71671 5.5
    endloop
  endfacet
  facet normal -0.0659051 0.072712 0.995173
    outer loop
      vertex 3.5871 -3.83417 5.5
      vertex 2.08176 -2.08176 5.27227
      vertex 1.86769 -2.27579 5.27227
    endloop
  endfacet
  facet normal -0.0144017 0.0970726 0.995173
    outer loop
      vertex 0.574357 -2.88749 5.27227
      vertex 0.852415 -5.18089 5.5
      vertex 1.02544 -5.15522 5.5
    endloop
  endfacet
  facet normal -0.0143985 0.097073 0.995173
    outer loop
      vertex 0.852415 -5.18089 5.5
      vertex 0.574357 -2.88749 5.27227
      vertex 0.288568 -2.92988 5.27227
    endloop
  endfacet
  facet normal -0.00481599 0.0980167 0.995173
    outer loop
      vertex 0.515199 -5.23091 5.5
      vertex 0.288568 -2.92988 5.27227
      vertex 0.174704 -5.24764 5.5
    endloop
  endfacet
  facet normal 0.0659051 0.072712 0.995173
    outer loop
      vertex -2.08176 -2.08176 5.27227
      vertex -3.5871 -3.83417 5.5
      vertex -1.86769 -2.27579 5.27227
    endloop
  endfacet
  facet normal 0.0658998 0.0727165 0.995173
    outer loop
      vertex -3.5871 -3.83417 5.5
      vertex -2.08176 -2.08176 5.27227
      vertex -3.71671 -3.71671 5.5
    endloop
  endfacet
  facet normal 0.014399 0.0970728 0.995173
    outer loop
      vertex -0.515199 -5.23091 5.5
      vertex -0.288568 -2.92988 5.27227
      vertex -0.852415 -5.18089 5.5
    endloop
  endfacet
  facet normal 0.00481599 0.0980167 0.995173
    outer loop
      vertex -0.174704 -5.24764 5.5
      vertex -0.288568 -2.92988 5.27227
      vertex -0.515199 -5.23091 5.5
    endloop
  endfacet
  facet normal 0.0970728 -0.014399 0.995173
    outer loop
      vertex -2.92988 0.288568 5.27227
      vertex -5.18089 0.852415 5.5
      vertex -5.23091 0.515199 5.5
    endloop
  endfacet
  facet normal 0.0970726 -0.0144017 0.995173
    outer loop
      vertex -5.18089 0.852415 5.5
      vertex -2.88749 0.574357 5.27227
      vertex -5.15522 1.02544 5.5
    endloop
  endfacet
  facet normal 0.097073 -0.0143985 0.995173
    outer loop
      vertex -2.88749 0.574357 5.27227
      vertex -5.18089 0.852415 5.5
      vertex -2.92988 0.288568 5.27227
    endloop
  endfacet
  facet normal -0.0238439 0.0951944 0.995173
    outer loop
      vertex 1.19511 -5.11272 5.5
      vertex 1.5258 -5.02989 5.5
      vertex 0.854615 -2.81729 5.27227
    endloop
  endfacet
  facet normal -0.0238446 0.0951943 0.995173
    outer loop
      vertex 0.574357 -2.88749 5.27227
      vertex 1.19511 -5.11272 5.5
      vertex 0.854615 -2.81729 5.27227
    endloop
  endfacet
  facet normal -0.0238448 0.0951942 0.995173
    outer loop
      vertex 1.19511 -5.11272 5.5
      vertex 0.574357 -2.88749 5.27227
      vertex 1.02544 -5.15522 5.5
    endloop
  endfacet
  facet normal -0.0584597 0.0788225 0.995173
    outer loop
      vertex 1.63563 -2.4479 5.27227
      vertex 3.06069 -4.26619 5.5
      vertex 1.86769 -2.27579 5.27227
    endloop
  endfacet
  facet normal -0.0584611 0.0788214 0.995173
    outer loop
      vertex 3.06069 -4.26619 5.5
      vertex 1.63563 -2.4479 5.27227
      vertex 2.9202 -4.37039 5.5
    endloop
  endfacet
  facet normal -0.0584593 0.0788228 0.995173
    outer loop
      vertex 3.06069 -4.26619 5.5
      vertex 3.33451 -4.06311 5.5
      vertex 1.86769 -2.27579 5.27227
    endloop
  endfacet
  facet normal -0.0951942 -0.0238448 0.995173
    outer loop
      vertex 5.11272 1.19511 5.5
      vertex 2.88749 0.574357 5.27227
      vertex 5.15522 1.02544 5.5
    endloop
  endfacet
  facet normal -0.0951943 -0.0238446 0.995173
    outer loop
      vertex 2.88749 0.574357 5.27227
      vertex 5.11272 1.19511 5.5
      vertex 2.81729 0.854615 5.27227
    endloop
  endfacet
  facet normal -0.0841745 -0.0504497 0.995173
    outer loop
      vertex 2.4479 1.63563 5.27227
      vertex 4.46031 2.77017 5.5
      vertex 4.37039 2.9202 5.5
    endloop
  endfacet
  facet normal -0.0841736 -0.0504512 0.995173
    outer loop
      vertex 4.46031 2.77017 5.5
      vertex 2.4479 1.63563 5.27227
      vertex 2.59643 1.38782 5.27227
    endloop
  endfacet
  facet normal -0.0841739 -0.0504508 0.995173
    outer loop
      vertex 4.63557 2.47776 5.5
      vertex 4.46031 2.77017 5.5
      vertex 2.59643 1.38782 5.27227
    endloop
  endfacet
  facet normal -0.0238448 -0.0951942 0.995173
    outer loop
      vertex 0.574357 2.88749 5.27227
      vertex 1.19511 5.11272 5.5
      vertex 1.02544 5.15522 5.5
    endloop
  endfacet
  facet normal -0.0238446 -0.0951943 0.995173
    outer loop
      vertex 1.19511 5.11272 5.5
      vertex 0.574357 2.88749 5.27227
      vertex 0.854615 2.81729 5.27227
    endloop
  endfacet
  facet normal -0.0584611 -0.0788214 0.995173
    outer loop
      vertex 1.63563 2.4479 5.27227
      vertex 3.06069 4.26619 5.5
      vertex 2.9202 4.37039 5.5
    endloop
  endfacet
  facet normal -0.0584597 -0.0788225 0.995173
    outer loop
      vertex 3.06069 4.26619 5.5
      vertex 1.63563 2.4479 5.27227
      vertex 1.86769 2.27579 5.27227
    endloop
  endfacet
  facet normal -0.00481599 -0.0980167 0.995173
    outer loop
      vertex 0.288568 2.92988 5.27227
      vertex 0.515199 5.23091 5.5
      vertex 0.174704 5.24764 5.5
    endloop
  endfacet
  facet normal 0.0923984 -0.0330611 0.995173
    outer loop
      vertex -2.81729 0.854615 5.27227
      vertex -4.91504 1.84678 5.5
      vertex -5.02989 1.5258 5.5
    endloop
  endfacet
  facet normal 0.0584593 -0.0788228 0.995173
    outer loop
      vertex -1.86769 2.27579 5.27227
      vertex -3.06069 4.26619 5.5
      vertex -3.33451 4.06311 5.5
    endloop
  endfacet
  facet normal 0.0419597 -0.0887125 0.995173
    outer loop
      vertex -1.38782 2.59643 5.27227
      vertex -2.16959 4.78133 5.5
      vertex -2.47776 4.63557 5.5
    endloop
  endfacet
  facet normal 0.0504508 -0.0841739 0.995173
    outer loop
      vertex -1.38782 2.59643 5.27227
      vertex -2.47776 4.63557 5.5
      vertex -2.77017 4.46031 5.5
    endloop
  endfacet
  facet normal 0.0330611 -0.0923984 0.995173
    outer loop
      vertex -0.854615 2.81729 5.27227
      vertex -1.5258 5.02989 5.5
      vertex -1.84678 4.91504 5.5
    endloop
  endfacet
  facet normal 0.0238439 -0.0951944 0.995173
    outer loop
      vertex -0.854615 2.81729 5.27227
      vertex -1.19511 5.11272 5.5
      vertex -1.5258 5.02989 5.5
    endloop
  endfacet
  facet normal -0.0238439 -0.0951944 0.995173
    outer loop
      vertex 1.5258 5.02989 5.5
      vertex 1.19511 5.11272 5.5
      vertex 0.854615 2.81729 5.27227
    endloop
  endfacet
  facet normal -0.00481377 -0.0980169 0.995173
    outer loop
      vertex 0 2.94406 5.27227
      vertex 0.174704 5.24764 5.5
      vertex 0 5.25622 5.5
    endloop
  endfacet
  facet normal -0.00481646 -0.0980167 0.995173
    outer loop
      vertex 0.174704 5.24764 5.5
      vertex 0 2.94406 5.27227
      vertex 0.288568 2.92988 5.27227
    endloop
  endfacet
  facet normal 0.0788225 -0.0584597 0.995173
    outer loop
      vertex -4.26619 3.06069 5.5
      vertex -2.4479 1.63563 5.27227
      vertex -2.27579 1.86769 5.27227
    endloop
  endfacet
  facet normal 0.0788214 -0.0584611 0.995173
    outer loop
      vertex -2.4479 1.63563 5.27227
      vertex -4.26619 3.06069 5.5
      vertex -4.37039 2.9202 5.5
    endloop
  endfacet
  facet normal 0.0841745 -0.0504497 0.995173
    outer loop
      vertex -4.46031 2.77017 5.5
      vertex -2.4479 1.63563 5.27227
      vertex -4.37039 2.9202 5.5
    endloop
  endfacet
  facet normal 0.0841736 -0.0504512 0.995173
    outer loop
      vertex -2.4479 1.63563 5.27227
      vertex -4.46031 2.77017 5.5
      vertex -2.59643 1.38782 5.27227
    endloop
  endfacet
  facet normal 0.0659045 0.0727126 0.995173
    outer loop
      vertex -3.33451 -4.06311 5.5
      vertex -1.86769 -2.27579 5.27227
      vertex -3.5871 -3.83417 5.5
    endloop
  endfacet
  facet normal 0.0727126 0.0659045 0.995173
    outer loop
      vertex -3.83417 -3.5871 5.5
      vertex -2.27579 -1.86769 5.27227
      vertex -4.06311 -3.33451 5.5
    endloop
  endfacet
  facet normal 0.0841736 0.0504512 0.995173
    outer loop
      vertex -4.46031 -2.77017 5.5
      vertex -2.4479 -1.63563 5.27227
      vertex -2.59643 -1.38782 5.27227
    endloop
  endfacet
  facet normal 0.0841745 0.0504497 0.995173
    outer loop
      vertex -2.4479 -1.63563 5.27227
      vertex -4.46031 -2.77017 5.5
      vertex -4.37039 -2.9202 5.5
    endloop
  endfacet
  facet normal 0.0887129 0.0419585 0.995173
    outer loop
      vertex -2.71996 -1.12664 5.27227
      vertex -4.78133 -2.16959 5.5
      vertex -2.59643 -1.38782 5.27227
    endloop
  endfacet
  facet normal 0.0887143 0.0419558 0.995173
    outer loop
      vertex -4.78133 -2.16959 5.5
      vertex -2.71996 -1.12664 5.27227
      vertex -4.85611 -2.01147 5.5
    endloop
  endfacet
  facet normal -0.0788214 0.0584611 0.995173
    outer loop
      vertex 2.4479 -1.63563 5.27227
      vertex 4.26619 -3.06069 5.5
      vertex 4.37039 -2.9202 5.5
    endloop
  endfacet
  facet normal -0.0788225 0.0584597 0.995173
    outer loop
      vertex 4.26619 -3.06069 5.5
      vertex 2.4479 -1.63563 5.27227
      vertex 2.27579 -1.86769 5.27227
    endloop
  endfacet
  facet normal -0.00481646 0.0980167 0.995173
    outer loop
      vertex 0 -2.94406 5.27227
      vertex 0.174704 -5.24764 5.5
      vertex 0.288568 -2.92988 5.27227
    endloop
  endfacet
  facet normal -0.00481377 0.0980169 0.995173
    outer loop
      vertex 0.174704 -5.24764 5.5
      vertex 0 -2.94406 5.27227
      vertex 0 -5.25622 5.5
    endloop
  endfacet
  facet normal 0.0504512 0.0841736 0.995173
    outer loop
      vertex -1.63563 -2.4479 5.27227
      vertex -2.77017 -4.46031 5.5
      vertex -1.38782 -2.59643 5.27227
    endloop
  endfacet
  facet normal 0.0504497 0.0841745 0.995173
    outer loop
      vertex -2.77017 -4.46031 5.5
      vertex -1.63563 -2.4479 5.27227
      vertex -2.9202 -4.37039 5.5
    endloop
  endfacet
  facet normal 0.0238439 0.0951944 0.995173
    outer loop
      vertex -1.19511 -5.11272 5.5
      vertex -0.854615 -2.81729 5.27227
      vertex -1.5258 -5.02989 5.5
    endloop
  endfacet
  facet normal 0.0330611 0.0923984 0.995173
    outer loop
      vertex -1.5258 -5.02989 5.5
      vertex -0.854615 -2.81729 5.27227
      vertex -1.84678 -4.91504 5.5
    endloop
  endfacet
  facet normal 0.097073 0.0143985 0.995173
    outer loop
      vertex -5.18089 -0.852415 5.5
      vertex -2.88749 -0.574357 5.27227
      vertex -2.92988 -0.288568 5.27227
    endloop
  endfacet
  facet normal 0.0970726 0.0144017 0.995173
    outer loop
      vertex -2.88749 -0.574357 5.27227
      vertex -5.18089 -0.852415 5.5
      vertex -5.15522 -1.02544 5.5
    endloop
  endfacet
  facet normal 0.0980167 -0.00481646 0.995173
    outer loop
      vertex -5.24764 0.174704 5.5
      vertex -2.94406 0 5.27227
      vertex -2.92988 0.288568 5.27227
    endloop
  endfacet
  facet normal 0.0980169 -0.00481377 0.995173
    outer loop
      vertex -2.94406 0 5.27227
      vertex -5.24764 0.174704 5.5
      vertex -5.25622 0 5.5
    endloop
  endfacet
  facet normal 0 0 1
    outer loop
      vertex 2.92988 0.288568 5.27227
      vertex 2.92988 -0.288568 5.27227
      vertex 2.94406 0 5.27227
    endloop
  endfacet
  facet normal 0 0 1
    outer loop
      vertex 2.88749 0.574357 5.27227
      vertex 2.92988 -0.288568 5.27227
      vertex 2.92988 0.288568 5.27227
    endloop
  endfacet
  facet normal 0 0 1
    outer loop
      vertex 2.88749 0.574357 5.27227
      vertex 2.88749 -0.574357 5.27227
      vertex 2.92988 -0.288568 5.27227
    endloop
  endfacet
  facet normal 0 0 1
    outer loop
      vertex 2.81729 0.854615 5.27227
      vertex 2.88749 -0.574357 5.27227
      vertex 2.88749 0.574357 5.27227
    endloop
  endfacet
  facet normal 0 0 1
    outer loop
      vertex 2.81729 0.854615 5.27227
      vertex 2.81729 -0.854615 5.27227
      vertex 2.88749 -0.574357 5.27227
    endloop
  endfacet
  facet normal 0 0 1
    outer loop
      vertex 2.71996 1.12664 5.27227
      vertex 2.81729 -0.854615 5.27227
      vertex 2.81729 0.854615 5.27227
    endloop
  endfacet
  facet normal 0 0 1
    outer loop
      vertex 2.71996 1.12664 5.27227
      vertex 2.71996 -1.12664 5.27227
      vertex 2.81729 -0.854615 5.27227
    endloop
  endfacet
  facet normal 0 0 1
    outer loop
      vertex 2.59643 1.38782 5.27227
      vertex 2.71996 -1.12664 5.27227
      vertex 2.71996 1.12664 5.27227
    endloop
  endfacet
  facet normal 0 0 1
    outer loop
      vertex 2.59643 1.38782 5.27227
      vertex 2.59643 -1.38782 5.27227
      vertex 2.71996 -1.12664 5.27227
    endloop
  endfacet
  facet normal 0 0 1
    outer loop
      vertex 2.4479 1.63563 5.27227
      vertex 2.59643 -1.38782 5.27227
      vertex 2.59643 1.38782 5.27227
    endloop
  endfacet
  facet normal 0 0 1
    outer loop
      vertex 2.4479 1.63563 5.27227
      vertex 2.4479 -1.63563 5.27227
      vertex 2.59643 -1.38782 5.27227
    endloop
  endfacet
  facet normal 0 0 1
    outer loop
      vertex 2.27579 1.86769 5.27227
      vertex 2.4479 -1.63563 5.27227
      vertex 2.4479 1.63563 5.27227
    endloop
  endfacet
  facet normal 0 0 1
    outer loop
      vertex 2.27579 1.86769 5.27227
      vertex 2.27579 -1.86769 5.27227
      vertex 2.4479 -1.63563 5.27227
    endloop
  endfacet
  facet normal 0 0 1
    outer loop
      vertex 2.08176 2.08176 5.27227
      vertex 2.27579 -1.86769 5.27227
      vertex 2.27579 1.86769 5.27227
    endloop
  endfacet
  facet normal 0 0 1
    outer loop
      vertex 2.08176 2.08176 5.27227
      vertex 2.08176 -2.08176 5.27227
      vertex 2.27579 -1.86769 5.27227
    endloop
  endfacet
  facet normal 0 0 1
    outer loop
      vertex 1.86769 2.27579 5.27227
      vertex 2.08176 -2.08176 5.27227
      vertex 2.08176 2.08176 5.27227
    endloop
  endfacet
  facet normal 0 0 1
    outer loop
      vertex 1.86769 2.27579 5.27227
      vertex 1.86769 -2.27579 5.27227
      vertex 2.08176 -2.08176 5.27227
    endloop
  endfacet
  facet normal 0 0 1
    outer loop
      vertex 1.63563 2.4479 5.27227
      vertex 1.86769 -2.27579 5.27227
      vertex 1.86769 2.27579 5.27227
    endloop
  endfacet
  facet normal 0 0 1
    outer loop
      vertex 1.63563 2.4479 5.27227
      vertex 1.63563 -2.4479 5.27227
      vertex 1.86769 -2.27579 5.27227
    endloop
  endfacet
  facet normal 0 0 1
    outer loop
      vertex 1.38782 2.59643 5.27227
      vertex 1.63563 -2.4479 5.27227
      vertex 1.63563 2.4479 5.27227
    endloop
  endfacet
  facet normal 0 0 1
    outer loop
      vertex 1.38782 2.59643 5.27227
      vertex 1.38782 -2.59643 5.27227
      vertex 1.63563 -2.4479 5.27227
    endloop
  endfacet
  facet normal 0 0 1
    outer loop
      vertex 1.12664 2.71996 5.27227
      vertex 1.38782 -2.59643 5.27227
      vertex 1.38782 2.59643 5.27227
    endloop
  endfacet
  facet normal 0 0 1
    outer loop
      vertex 1.12664 2.71996 5.27227
      vertex 1.12664 -2.71996 5.27227
      vertex 1.38782 -2.59643 5.27227
    endloop
  endfacet
  facet normal 0 0 1
    outer loop
      vertex 0.854615 2.81729 5.27227
      vertex 1.12664 -2.71996 5.27227
      vertex 1.12664 2.71996 5.27227
    endloop
  endfacet
  facet normal 0 0 1
    outer loop
      vertex 0.854615 2.81729 5.27227
      vertex 0.854615 -2.81729 5.27227
      vertex 1.12664 -2.71996 5.27227
    endloop
  endfacet
  facet normal 0 0 1
    outer loop
      vertex 0.574357 2.88749 5.27227
      vertex 0.854615 -2.81729 5.27227
      vertex 0.854615 2.81729 5.27227
    endloop
  endfacet
  facet normal 0 0 1
    outer loop
      vertex 0.574357 2.88749 5.27227
      vertex 0.574357 -2.88749 5.27227
      vertex 0.854615 -2.81729 5.27227
    endloop
  endfacet
  facet normal 0 0 1
    outer loop
      vertex 0.288568 2.92988 5.27227
      vertex 0.574357 -2.88749 5.27227
      vertex 0.574357 2.88749 5.27227
    endloop
  endfacet
  facet normal 0 0 1
    outer loop
      vertex 0.288568 2.92988 5.27227
      vertex 0.288568 -2.92988 5.27227
      vertex 0.574357 -2.88749 5.27227
    endloop
  endfacet
  facet normal 0 0 1
    outer loop
      vertex 0 2.94406 5.27227
      vertex 0.288568 -2.92988 5.27227
      vertex 0.288568 2.92988 5.27227
    endloop
  endfacet
  facet normal 0 0 1
    outer loop
      vertex 0 2.94406 5.27227
      vertex 0 -2.94406 5.27227
      vertex 0.288568 -2.92988 5.27227
    endloop
  endfacet
  facet normal -0 0 1
    outer loop
      vertex -0.288568 2.92988 5.27227
      vertex 0 -2.94406 5.27227
      vertex 0 2.94406 5.27227
    endloop
  endfacet
  facet normal 0 0 1
    outer loop
      vertex -0.288568 2.92988 5.27227
      vertex -0.288568 -2.92988 5.27227
      vertex 0 -2.94406 5.27227
    endloop
  endfacet
  facet normal -0 0 1
    outer loop
      vertex -0.574357 2.88749 5.27227
      vertex -0.288568 -2.92988 5.27227
      vertex -0.288568 2.92988 5.27227
    endloop
  endfacet
  facet normal 0 0 1
    outer loop
      vertex -0.574357 2.88749 5.27227
      vertex -0.574357 -2.88749 5.27227
      vertex -0.288568 -2.92988 5.27227
    endloop
  endfacet
  facet normal -0 0 1
    outer loop
      vertex -0.854615 2.81729 5.27227
      vertex -0.574357 -2.88749 5.27227
      vertex -0.574357 2.88749 5.27227
    endloop
  endfacet
  facet normal 0 0 1
    outer loop
      vertex -0.854615 2.81729 5.27227
      vertex -0.854615 -2.81729 5.27227
      vertex -0.574357 -2.88749 5.27227
    endloop
  endfacet
  facet normal -0 0 1
    outer loop
      vertex -1.12664 2.71996 5.27227
      vertex -0.854615 -2.81729 5.27227
      vertex -0.854615 2.81729 5.27227
    endloop
  endfacet
  facet normal 0 0 1
    outer loop
      vertex -1.12664 2.71996 5.27227
      vertex -1.12664 -2.71996 5.27227
      vertex -0.854615 -2.81729 5.27227
    endloop
  endfacet
  facet normal -0 0 1
    outer loop
      vertex -1.38782 2.59643 5.27227
      vertex -1.12664 -2.71996 5.27227
      vertex -1.12664 2.71996 5.27227
    endloop
  endfacet
  facet normal 0 0 1
    outer loop
      vertex -1.38782 2.59643 5.27227
      vertex -1.38782 -2.59643 5.27227
      vertex -1.12664 -2.71996 5.27227
    endloop
  endfacet
  facet normal -0 0 1
    outer loop
      vertex -1.63563 2.4479 5.27227
      vertex -1.38782 -2.59643 5.27227
      vertex -1.38782 2.59643 5.27227
    endloop
  endfacet
  facet normal 0 0 1
    outer loop
      vertex -1.63563 2.4479 5.27227
      vertex -1.63563 -2.4479 5.27227
      vertex -1.38782 -2.59643 5.27227
    endloop
  endfacet
  facet normal -0 0 1
    outer loop
      vertex -1.86769 2.27579 5.27227
      vertex -1.63563 -2.4479 5.27227
      vertex -1.63563 2.4479 5.27227
    endloop
  endfacet
  facet normal 0 0 1
    outer loop
      vertex -1.86769 2.27579 5.27227
      vertex -1.86769 -2.27579 5.27227
      vertex -1.63563 -2.4479 5.27227
    endloop
  endfacet
  facet normal -0 0 1
    outer loop
      vertex -2.08176 2.08176 5.27227
      vertex -1.86769 -2.27579 5.27227
      vertex -1.86769 2.27579 5.27227
    endloop
  endfacet
  facet normal 0 0 1
    outer loop
      vertex -2.08176 2.08176 5.27227
      vertex -2.08176 -2.08176 5.27227
      vertex -1.86769 -2.27579 5.27227
    endloop
  endfacet
  facet normal -0 0 1
    outer loop
      vertex -2.27579 1.86769 5.27227
      vertex -2.08176 -2.08176 5.27227
      vertex -2.08176 2.08176 5.27227
    endloop
  endfacet
  facet normal 0 0 1
    outer loop
      vertex -2.27579 1.86769 5.27227
      vertex -2.27579 -1.86769 5.27227
      vertex -2.08176 -2.08176 5.27227
    endloop
  endfacet
  facet normal -0 0 1
    outer loop
      vertex -2.4479 1.63563 5.27227
      vertex -2.27579 -1.86769 5.27227
      vertex -2.27579 1.86769 5.27227
    endloop
  endfacet
  facet normal 0 0 1
    outer loop
      vertex -2.4479 1.63563 5.27227
      vertex -2.4479 -1.63563 5.27227
      vertex -2.27579 -1.86769 5.27227
    endloop
  endfacet
  facet normal -0 0 1
    outer loop
      vertex -2.59643 1.38782 5.27227
      vertex -2.4479 -1.63563 5.27227
      vertex -2.4479 1.63563 5.27227
    endloop
  endfacet
  facet normal 0 0 1
    outer loop
      vertex -2.59643 1.38782 5.27227
      vertex -2.59643 -1.38782 5.27227
      vertex -2.4479 -1.63563 5.27227
    endloop
  endfacet
  facet normal -0 0 1
    outer loop
      vertex -2.71996 1.12664 5.27227
      vertex -2.59643 -1.38782 5.27227
      vertex -2.59643 1.38782 5.27227
    endloop
  endfacet
  facet normal 0 0 1
    outer loop
      vertex -2.71996 1.12664 5.27227
      vertex -2.71996 -1.12664 5.27227
      vertex -2.59643 -1.38782 5.27227
    endloop
  endfacet
  facet normal -0 0 1
    outer loop
      vertex -2.81729 0.854615 5.27227
      vertex -2.71996 -1.12664 5.27227
      vertex -2.71996 1.12664 5.27227
    endloop
  endfacet
  facet normal 0 0 1
    outer loop
      vertex -2.81729 0.854615 5.27227
      vertex -2.81729 -0.854615 5.27227
      vertex -2.71996 -1.12664 5.27227
    endloop
  endfacet
  facet normal -0 0 1
    outer loop
      vertex -2.88749 0.574357 5.27227
      vertex -2.81729 -0.854615 5.27227
      vertex -2.81729 0.854615 5.27227
    endloop
  endfacet
  facet normal 0 0 1
    outer loop
      vertex -2.88749 0.574357 5.27227
      vertex -2.88749 -0.574357 5.27227
      vertex -2.81729 -0.854615 5.27227
    endloop
  endfacet
  facet normal -0 0 1
    outer loop
      vertex -2.92988 0.288568 5.27227
      vertex -2.88749 -0.574357 5.27227
      vertex -2.88749 0.574357 5.27227
    endloop
  endfacet
  facet normal 0 0 1
    outer loop
      vertex -2.92988 0.288568 5.27227
      vertex -2.92988 -0.288568 5.27227
      vertex -2.88749 -0.574357 5.27227
    endloop
  endfacet
  facet normal 0 -0 1
    outer loop
      vertex -2.92988 -0.288568 5.27227
      vertex -2.92988 0.288568 5.27227
      vertex -2.94406 0 5.27227
    endloop
  endfacet
  facet normal -0.0330623 0.0923981 0.995173
    outer loop
      vertex 1.12664 -2.71996 5.27227
      vertex 1.84678 -4.91504 5.5
      vertex 2.01147 -4.85611 5.5
    endloop
  endfacet
  facet normal -0.0330601 0.0923988 0.995173
    outer loop
      vertex 1.84678 -4.91504 5.5
      vertex 1.12664 -2.71996 5.27227
      vertex 0.854615 -2.81729 5.27227
    endloop
  endfacet
  facet normal -0.0504497 0.0841745 0.995173
    outer loop
      vertex 1.63563 -2.4479 5.27227
      vertex 2.77017 -4.46031 5.5
      vertex 2.9202 -4.37039 5.5
    endloop
  endfacet
  facet normal -0.0504512 0.0841736 0.995173
    outer loop
      vertex 2.77017 -4.46031 5.5
      vertex 1.63563 -2.4479 5.27227
      vertex 1.38782 -2.59643 5.27227
    endloop
  endfacet
  facet normal -0.0951944 -0.0238439 0.995173
    outer loop
      vertex 5.11272 1.19511 5.5
      vertex 5.02989 1.5258 5.5
      vertex 2.81729 0.854615 5.27227
    endloop
  endfacet
  facet normal -0.0923984 -0.0330611 0.995173
    outer loop
      vertex 5.02989 1.5258 5.5
      vertex 4.91504 1.84678 5.5
      vertex 2.81729 0.854615 5.27227
    endloop
  endfacet
  facet normal -0.0887125 -0.0419597 0.995173
    outer loop
      vertex 4.78133 2.16959 5.5
      vertex 4.63557 2.47776 5.5
      vertex 2.59643 1.38782 5.27227
    endloop
  endfacet
  facet normal -0.0887143 -0.0419558 0.995173
    outer loop
      vertex 4.78133 2.16959 5.5
      vertex 2.71996 1.12664 5.27227
      vertex 4.85611 2.01147 5.5
    endloop
  endfacet
  facet normal -0.0887129 -0.0419585 0.995173
    outer loop
      vertex 2.71996 1.12664 5.27227
      vertex 4.78133 2.16959 5.5
      vertex 2.59643 1.38782 5.27227
    endloop
  endfacet
  facet normal -0.0788214 -0.0584611 0.995173
    outer loop
      vertex 4.26619 3.06069 5.5
      vertex 2.4479 1.63563 5.27227
      vertex 4.37039 2.9202 5.5
    endloop
  endfacet
  facet normal -0.0788225 -0.0584597 0.995173
    outer loop
      vertex 2.4479 1.63563 5.27227
      vertex 4.26619 3.06069 5.5
      vertex 2.27579 1.86769 5.27227
    endloop
  endfacet
  facet normal -0.0788228 -0.0584593 0.995173
    outer loop
      vertex 4.26619 3.06069 5.5
      vertex 4.06311 3.33451 5.5
      vertex 2.27579 1.86769 5.27227
    endloop
  endfacet
  facet normal -0.0727126 -0.0659045 0.995173
    outer loop
      vertex 4.06311 3.33451 5.5
      vertex 3.83417 3.5871 5.5
      vertex 2.27579 1.86769 5.27227
    endloop
  endfacet
  facet normal -0.0727165 -0.0658998 0.995173
    outer loop
      vertex 2.08176 2.08176 5.27227
      vertex 3.83417 3.5871 5.5
      vertex 3.71671 3.71671 5.5
    endloop
  endfacet
  facet normal -0.072712 -0.0659051 0.995173
    outer loop
      vertex 3.83417 3.5871 5.5
      vertex 2.08176 2.08176 5.27227
      vertex 2.27579 1.86769 5.27227
    endloop
  endfacet
  facet normal -0.0504508 -0.0841739 0.995173
    outer loop
      vertex 2.77017 4.46031 5.5
      vertex 2.47776 4.63557 5.5
      vertex 1.38782 2.59643 5.27227
    endloop
  endfacet
  facet normal -0.014399 -0.0970728 0.995173
    outer loop
      vertex 0.852415 5.18089 5.5
      vertex 0.515199 5.23091 5.5
      vertex 0.288568 2.92988 5.27227
    endloop
  endfacet
  facet normal -0.097073 0.0143985 0.995173
    outer loop
      vertex 2.88749 -0.574357 5.27227
      vertex 5.18089 -0.852415 5.5
      vertex 2.92988 -0.288568 5.27227
    endloop
  endfacet
  facet normal -0.0970726 0.0144017 0.995173
    outer loop
      vertex 5.18089 -0.852415 5.5
      vertex 2.88749 -0.574357 5.27227
      vertex 5.15522 -1.02544 5.5
    endloop
  endfacet
  facet normal -0.0951942 0.0238448 0.995173
    outer loop
      vertex 2.88749 -0.574357 5.27227
      vertex 5.11272 -1.19511 5.5
      vertex 5.15522 -1.02544 5.5
    endloop
  endfacet
  facet normal -0.0951943 0.0238446 0.995173
    outer loop
      vertex 5.11272 -1.19511 5.5
      vertex 2.88749 -0.574357 5.27227
      vertex 2.81729 -0.854615 5.27227
    endloop
  endfacet
  facet normal 0.0887125 -0.0419597 0.995173
    outer loop
      vertex -2.59643 1.38782 5.27227
      vertex -4.63557 2.47776 5.5
      vertex -4.78133 2.16959 5.5
    endloop
  endfacet
  facet normal 0.0419558 -0.0887143 0.995173
    outer loop
      vertex -2.16959 4.78133 5.5
      vertex -1.12664 2.71996 5.27227
      vertex -2.01147 4.85611 5.5
    endloop
  endfacet
  facet normal 0.0419585 -0.0887129 0.995173
    outer loop
      vertex -1.12664 2.71996 5.27227
      vertex -2.16959 4.78133 5.5
      vertex -1.38782 2.59643 5.27227
    endloop
  endfacet
  facet normal 0.0238448 -0.0951942 0.995173
    outer loop
      vertex -1.19511 5.11272 5.5
      vertex -0.574357 2.88749 5.27227
      vertex -1.02544 5.15522 5.5
    endloop
  endfacet
  facet normal 0.0238446 -0.0951943 0.995173
    outer loop
      vertex -0.574357 2.88749 5.27227
      vertex -1.19511 5.11272 5.5
      vertex -0.854615 2.81729 5.27227
    endloop
  endfacet
  facet normal -0.0419597 -0.0887125 0.995173
    outer loop
      vertex 2.47776 4.63557 5.5
      vertex 2.16959 4.78133 5.5
      vertex 1.38782 2.59643 5.27227
    endloop
  endfacet
  facet normal -0.0330623 -0.0923981 0.995173
    outer loop
      vertex 1.84678 4.91504 5.5
      vertex 1.12664 2.71996 5.27227
      vertex 2.01147 4.85611 5.5
    endloop
  endfacet
  facet normal -0.0330601 -0.0923988 0.995173
    outer loop
      vertex 1.12664 2.71996 5.27227
      vertex 1.84678 4.91504 5.5
      vertex 0.854615 2.81729 5.27227
    endloop
  endfacet
  facet normal 0.0584597 0.0788225 0.995173
    outer loop
      vertex -3.06069 -4.26619 5.5
      vertex -1.63563 -2.4479 5.27227
      vertex -1.86769 -2.27579 5.27227
    endloop
  endfacet
  facet normal 0.0584611 0.0788214 0.995173
    outer loop
      vertex -1.63563 -2.4479 5.27227
      vertex -3.06069 -4.26619 5.5
      vertex -2.9202 -4.37039 5.5
    endloop
  endfacet
  facet normal 0.0419597 0.0887125 0.995173
    outer loop
      vertex -2.16959 -4.78133 5.5
      vertex -1.38782 -2.59643 5.27227
      vertex -2.47776 -4.63557 5.5
    endloop
  endfacet
  facet normal 0.0504508 0.0841739 0.995173
    outer loop
      vertex -2.47776 -4.63557 5.5
      vertex -1.38782 -2.59643 5.27227
      vertex -2.77017 -4.46031 5.5
    endloop
  endfacet
  facet normal 0.0143985 0.097073 0.995173
    outer loop
      vertex -0.574357 -2.88749 5.27227
      vertex -0.852415 -5.18089 5.5
      vertex -0.288568 -2.92988 5.27227
    endloop
  endfacet
  facet normal 0.0144017 0.0970726 0.995173
    outer loop
      vertex -0.852415 -5.18089 5.5
      vertex -0.574357 -2.88749 5.27227
      vertex -1.02544 -5.15522 5.5
    endloop
  endfacet
  facet normal -0.0419585 0.0887129 0.995173
    outer loop
      vertex 1.12664 -2.71996 5.27227
      vertex 2.16959 -4.78133 5.5
      vertex 1.38782 -2.59643 5.27227
    endloop
  endfacet
  facet normal -0.0419558 0.0887143 0.995173
    outer loop
      vertex 2.16959 -4.78133 5.5
      vertex 1.12664 -2.71996 5.27227
      vertex 2.01147 -4.85611 5.5
    endloop
  endfacet
  facet normal -0.0659045 -0.0727126 0.995173
    outer loop
      vertex 3.5871 3.83417 5.5
      vertex 3.33451 4.06311 5.5
      vertex 1.86769 2.27579 5.27227
    endloop
  endfacet
  facet normal -0.0658998 -0.0727165 0.995173
    outer loop
      vertex 3.5871 3.83417 5.5
      vertex 2.08176 2.08176 5.27227
      vertex 3.71671 3.71671 5.5
    endloop
  endfacet
  facet normal -0.0659051 -0.072712 0.995173
    outer loop
      vertex 2.08176 2.08176 5.27227
      vertex 3.5871 3.83417 5.5
      vertex 1.86769 2.27579 5.27227
    endloop
  endfacet
  facet normal 0.0923981 -0.0330623 0.995173
    outer loop
      vertex -4.91504 1.84678 5.5
      vertex -2.71996 1.12664 5.27227
      vertex -4.85611 2.01147 5.5
    endloop
  endfacet
  facet normal 0.0923988 -0.0330601 0.995173
    outer loop
      vertex -2.71996 1.12664 5.27227
      vertex -4.91504 1.84678 5.5
      vertex -2.81729 0.854615 5.27227
    endloop
  endfacet
  facet normal 0.0887129 -0.0419585 0.995173
    outer loop
      vertex -4.78133 2.16959 5.5
      vertex -2.71996 1.12664 5.27227
      vertex -2.59643 1.38782 5.27227
    endloop
  endfacet
  facet normal 0.0887143 -0.0419558 0.995173
    outer loop
      vertex -2.71996 1.12664 5.27227
      vertex -4.78133 2.16959 5.5
      vertex -4.85611 2.01147 5.5
    endloop
  endfacet
  facet normal 0.0504512 -0.0841736 0.995173
    outer loop
      vertex -2.77017 4.46031 5.5
      vertex -1.63563 2.4479 5.27227
      vertex -1.38782 2.59643 5.27227
    endloop
  endfacet
  facet normal 0.0504497 -0.0841745 0.995173
    outer loop
      vertex -1.63563 2.4479 5.27227
      vertex -2.77017 4.46031 5.5
      vertex -2.9202 4.37039 5.5
    endloop
  endfacet
  facet normal -0.0330611 -0.0923984 0.995173
    outer loop
      vertex 1.84678 4.91504 5.5
      vertex 1.5258 5.02989 5.5
      vertex 0.854615 2.81729 5.27227
    endloop
  endfacet
  facet normal -0.0419558 -0.0887143 0.995173
    outer loop
      vertex 1.12664 2.71996 5.27227
      vertex 2.16959 4.78133 5.5
      vertex 2.01147 4.85611 5.5
    endloop
  endfacet
  facet normal -0.0419585 -0.0887129 0.995173
    outer loop
      vertex 2.16959 4.78133 5.5
      vertex 1.12664 2.71996 5.27227
      vertex 1.38782 2.59643 5.27227
    endloop
  endfacet
  facet normal -0.0504497 -0.0841745 0.995173
    outer loop
      vertex 2.77017 4.46031 5.5
      vertex 1.63563 2.4479 5.27227
      vertex 2.9202 4.37039 5.5
    endloop
  endfacet
  facet normal -0.0504512 -0.0841736 0.995173
    outer loop
      vertex 1.63563 2.4479 5.27227
      vertex 2.77017 4.46031 5.5
      vertex 1.38782 2.59643 5.27227
    endloop
  endfacet
  facet normal -0.595708 -0.803201 0
    outer loop
      vertex 2.22228 3.32588 4.1
      vertex 2.53757 3.09204 4.33
      vertex 2.22228 3.32588 4.33
    endloop
  endfacet
  facet normal -0.595708 -0.803201 -0
    outer loop
      vertex 2.53757 3.09204 4.33
      vertex 2.22228 3.32588 4.1
      vertex 2.53757 3.09204 4.1
    endloop
  endfacet
  facet normal -0.998796 0.049065 0
    outer loop
      vertex 3.98074 -0.392068 4.1
      vertex 4 0 4.33
      vertex 4 0 4.1
    endloop
  endfacet
  facet normal -0.998796 0.049065 0
    outer loop
      vertex 4 0 4.33
      vertex 3.98074 -0.392068 4.1
      vertex 3.98074 -0.392068 4.33
    endloop
  endfacet
  facet normal 0.336887 -0.941545 0
    outer loop
      vertex -1.53073 3.69552 4.1
      vertex -1.16114 3.82776 4.33
      vertex -1.53073 3.69552 4.33
    endloop
  endfacet
  facet normal 0.336887 -0.941545 0
    outer loop
      vertex -1.16114 3.82776 4.33
      vertex -1.53073 3.69552 4.1
      vertex -1.16114 3.82776 4.1
    endloop
  endfacet
  facet normal 0.903986 -0.427563 0
    outer loop
      vertex -3.69552 1.53073 4.33
      vertex -3.52768 1.88559 4.1
      vertex -3.52768 1.88559 4.33
    endloop
  endfacet
  facet normal 0.903986 -0.427563 0
    outer loop
      vertex -3.52768 1.88559 4.1
      vertex -3.69552 1.53073 4.33
      vertex -3.69552 1.53073 4.1
    endloop
  endfacet
  facet normal 0.427563 0.903986 -0
    outer loop
      vertex -1.53073 -3.69552 4.1
      vertex -1.88559 -3.52768 4.33
      vertex -1.53073 -3.69552 4.33
    endloop
  endfacet
  facet normal 0.427563 0.903986 0
    outer loop
      vertex -1.88559 -3.52768 4.33
      vertex -1.53073 -3.69552 4.1
      vertex -1.88559 -3.52768 4.1
    endloop
  endfacet
  facet normal -0.903986 -0.427563 0
    outer loop
      vertex 3.69552 1.53073 4.1
      vertex 3.52768 1.88559 4.33
      vertex 3.52768 1.88559 4.1
    endloop
  endfacet
  facet normal -0.903986 -0.427563 0
    outer loop
      vertex 3.52768 1.88559 4.33
      vertex 3.69552 1.53073 4.1
      vertex 3.69552 1.53073 4.33
    endloop
  endfacet
  facet normal -0.857733 -0.514095 0
    outer loop
      vertex 3.52768 1.88559 4.1
      vertex 3.32588 2.22228 4.33
      vertex 3.32588 2.22228 4.1
    endloop
  endfacet
  facet normal -0.857733 -0.514095 0
    outer loop
      vertex 3.32588 2.22228 4.33
      vertex 3.52768 1.88559 4.1
      vertex 3.52768 1.88559 4.33
    endloop
  endfacet
  facet normal -0.427563 -0.903986 0
    outer loop
      vertex 1.53073 3.69552 4.1
      vertex 1.88559 3.52768 4.33
      vertex 1.53073 3.69552 4.33
    endloop
  endfacet
  facet normal -0.427563 -0.903986 -0
    outer loop
      vertex 1.88559 3.52768 4.33
      vertex 1.53073 3.69552 4.1
      vertex 1.88559 3.52768 4.1
    endloop
  endfacet
  facet normal -0.146736 -0.989176 0
    outer loop
      vertex 0.392068 3.98074 4.1
      vertex 0.780361 3.92314 4.33
      vertex 0.392068 3.98074 4.33
    endloop
  endfacet
  facet normal -0.146736 -0.989176 -0
    outer loop
      vertex 0.780361 3.92314 4.33
      vertex 0.392068 3.98074 4.1
      vertex 0.780361 3.92314 4.1
    endloop
  endfacet
  facet normal 0.989176 -0.146736 0
    outer loop
      vertex -3.98074 0.392068 4.33
      vertex -3.92314 0.780361 4.1
      vertex -3.92314 0.780361 4.33
    endloop
  endfacet
  facet normal 0.989176 -0.146736 0
    outer loop
      vertex -3.92314 0.780361 4.1
      vertex -3.98074 0.392068 4.33
      vertex -3.98074 0.392068 4.1
    endloop
  endfacet
  facet normal 0.740964 -0.671545 0
    outer loop
      vertex -3.09204 2.53757 4.33
      vertex -2.82843 2.82843 4.1
      vertex -2.82843 2.82843 4.33
    endloop
  endfacet
  facet normal 0.740964 -0.671545 0
    outer loop
      vertex -2.82843 2.82843 4.1
      vertex -3.09204 2.53757 4.33
      vertex -3.09204 2.53757 4.1
    endloop
  endfacet
  facet normal 0.146736 -0.989176 0
    outer loop
      vertex -0.780361 3.92314 4.1
      vertex -0.392068 3.98074 4.33
      vertex -0.780361 3.92314 4.33
    endloop
  endfacet
  facet normal 0.146736 -0.989176 0
    outer loop
      vertex -0.392068 3.98074 4.33
      vertex -0.780361 3.92314 4.1
      vertex -0.392068 3.98074 4.1
    endloop
  endfacet
  facet normal -0.941545 0.336887 0
    outer loop
      vertex 3.69552 -1.53073 4.1
      vertex 3.82776 -1.16114 4.33
      vertex 3.82776 -1.16114 4.1
    endloop
  endfacet
  facet normal -0.941545 0.336887 0
    outer loop
      vertex 3.82776 -1.16114 4.33
      vertex 3.69552 -1.53073 4.1
      vertex 3.69552 -1.53073 4.33
    endloop
  endfacet
  facet normal 0.146736 0.989176 -0
    outer loop
      vertex -0.392068 -3.98074 4.1
      vertex -0.780361 -3.92314 4.33
      vertex -0.392068 -3.98074 4.33
    endloop
  endfacet
  facet normal 0.146736 0.989176 0
    outer loop
      vertex -0.780361 -3.92314 4.33
      vertex -0.392068 -3.98074 4.1
      vertex -0.780361 -3.92314 4.1
    endloop
  endfacet
  facet normal 0.671545 0.740964 -0
    outer loop
      vertex -2.53757 -3.09204 4.1
      vertex -2.82843 -2.82843 4.33
      vertex -2.53757 -3.09204 4.33
    endloop
  endfacet
  facet normal 0.671545 0.740964 0
    outer loop
      vertex -2.82843 -2.82843 4.33
      vertex -2.53757 -3.09204 4.1
      vertex -2.82843 -2.82843 4.1
    endloop
  endfacet
  facet normal -0.989176 -0.146736 0
    outer loop
      vertex 3.98074 0.392068 4.1
      vertex 3.92314 0.780361 4.33
      vertex 3.92314 0.780361 4.1
    endloop
  endfacet
  facet normal -0.989176 -0.146736 0
    outer loop
      vertex 3.92314 0.780361 4.33
      vertex 3.98074 0.392068 4.1
      vertex 3.98074 0.392068 4.33
    endloop
  endfacet
  facet normal -0.970031 -0.24298 0
    outer loop
      vertex 3.92314 0.780361 4.1
      vertex 3.82776 1.16114 4.33
      vertex 3.82776 1.16114 4.1
    endloop
  endfacet
  facet normal -0.970031 -0.24298 0
    outer loop
      vertex 3.82776 1.16114 4.33
      vertex 3.92314 0.780361 4.1
      vertex 3.92314 0.780361 4.33
    endloop
  endfacet
  facet normal -0.941545 -0.336887 0
    outer loop
      vertex 3.82776 1.16114 4.1
      vertex 3.69552 1.53073 4.33
      vertex 3.69552 1.53073 4.1
    endloop
  endfacet
  facet normal -0.941545 -0.336887 0
    outer loop
      vertex 3.69552 1.53073 4.33
      vertex 3.82776 1.16114 4.1
      vertex 3.82776 1.16114 4.33
    endloop
  endfacet
  facet normal -0.740964 -0.671545 0
    outer loop
      vertex 3.09204 2.53757 4.1
      vertex 2.82843 2.82843 4.33
      vertex 2.82843 2.82843 4.1
    endloop
  endfacet
  facet normal -0.740964 -0.671545 0
    outer loop
      vertex 2.82843 2.82843 4.33
      vertex 3.09204 2.53757 4.1
      vertex 3.09204 2.53757 4.33
    endloop
  endfacet
  facet normal -0.803201 -0.595708 0
    outer loop
      vertex 3.32588 2.22228 4.1
      vertex 3.09204 2.53757 4.33
      vertex 3.09204 2.53757 4.1
    endloop
  endfacet
  facet normal -0.803201 -0.595708 0
    outer loop
      vertex 3.09204 2.53757 4.33
      vertex 3.32588 2.22228 4.1
      vertex 3.32588 2.22228 4.33
    endloop
  endfacet
  facet normal -0.671545 -0.740964 0
    outer loop
      vertex 2.53757 3.09204 4.1
      vertex 2.82843 2.82843 4.33
      vertex 2.53757 3.09204 4.33
    endloop
  endfacet
  facet normal -0.671545 -0.740964 -0
    outer loop
      vertex 2.82843 2.82843 4.33
      vertex 2.53757 3.09204 4.1
      vertex 2.82843 2.82843 4.1
    endloop
  endfacet
  facet normal -0.049065 -0.998796 0
    outer loop
      vertex 0 4 4.1
      vertex 0.392068 3.98074 4.33
      vertex 0 4 4.33
    endloop
  endfacet
  facet normal -0.049065 -0.998796 -0
    outer loop
      vertex 0.392068 3.98074 4.33
      vertex 0 4 4.1
      vertex 0.392068 3.98074 4.1
    endloop
  endfacet
  facet normal -0.514095 -0.857733 0
    outer loop
      vertex 1.88559 3.52768 4.1
      vertex 2.22228 3.32588 4.33
      vertex 1.88559 3.52768 4.33
    endloop
  endfacet
  facet normal -0.514095 -0.857733 -0
    outer loop
      vertex 2.22228 3.32588 4.33
      vertex 1.88559 3.52768 4.1
      vertex 2.22228 3.32588 4.1
    endloop
  endfacet
  facet normal -0.336887 -0.941545 0
    outer loop
      vertex 1.16114 3.82776 4.1
      vertex 1.53073 3.69552 4.33
      vertex 1.16114 3.82776 4.33
    endloop
  endfacet
  facet normal -0.336887 -0.941545 -0
    outer loop
      vertex 1.53073 3.69552 4.33
      vertex 1.16114 3.82776 4.1
      vertex 1.53073 3.69552 4.1
    endloop
  endfacet
  facet normal -0.24298 -0.970031 0
    outer loop
      vertex 0.780361 3.92314 4.1
      vertex 1.16114 3.82776 4.33
      vertex 0.780361 3.92314 4.33
    endloop
  endfacet
  facet normal -0.24298 -0.970031 -0
    outer loop
      vertex 1.16114 3.82776 4.33
      vertex 0.780361 3.92314 4.1
      vertex 1.16114 3.82776 4.1
    endloop
  endfacet
  facet normal 0.998796 -0.049065 0
    outer loop
      vertex -4 0 4.33
      vertex -3.98074 0.392068 4.1
      vertex -3.98074 0.392068 4.33
    endloop
  endfacet
  facet normal 0.998796 -0.049065 0
    outer loop
      vertex -3.98074 0.392068 4.1
      vertex -4 0 4.33
      vertex -4 0 4.1
    endloop
  endfacet
  facet normal 0 0 -1
    outer loop
      vertex 3.98074 -0.392068 4.33
      vertex 3.98074 0.392068 4.33
      vertex 4 0 4.33
    endloop
  endfacet
  facet normal 0 0 -1
    outer loop
      vertex 3.92314 -0.780361 4.33
      vertex 3.98074 0.392068 4.33
      vertex 3.98074 -0.392068 4.33
    endloop
  endfacet
  facet normal 0 0 -1
    outer loop
      vertex 3.92314 -0.780361 4.33
      vertex 3.92314 0.780361 4.33
      vertex 3.98074 0.392068 4.33
    endloop
  endfacet
  facet normal 0 0 -1
    outer loop
      vertex 3.82776 -1.16114 4.33
      vertex 3.92314 0.780361 4.33
      vertex 3.92314 -0.780361 4.33
    endloop
  endfacet
  facet normal 0 0 -1
    outer loop
      vertex 3.82776 -1.16114 4.33
      vertex 3.82776 1.16114 4.33
      vertex 3.92314 0.780361 4.33
    endloop
  endfacet
  facet normal 0 0 -1
    outer loop
      vertex 3.69552 -1.53073 4.33
      vertex 3.82776 1.16114 4.33
      vertex 3.82776 -1.16114 4.33
    endloop
  endfacet
  facet normal 0 0 -1
    outer loop
      vertex 3.69552 -1.53073 4.33
      vertex 3.69552 1.53073 4.33
      vertex 3.82776 1.16114 4.33
    endloop
  endfacet
  facet normal 0 0 -1
    outer loop
      vertex 3.52768 -1.88559 4.33
      vertex 3.69552 1.53073 4.33
      vertex 3.69552 -1.53073 4.33
    endloop
  endfacet
  facet normal 0 0 -1
    outer loop
      vertex 3.52768 -1.88559 4.33
      vertex 3.52768 1.88559 4.33
      vertex 3.69552 1.53073 4.33
    endloop
  endfacet
  facet normal 0 0 -1
    outer loop
      vertex 3.32588 -2.22228 4.33
      vertex 3.52768 1.88559 4.33
      vertex 3.52768 -1.88559 4.33
    endloop
  endfacet
  facet normal 0 0 -1
    outer loop
      vertex 3.32588 -2.22228 4.33
      vertex 3.32588 2.22228 4.33
      vertex 3.52768 1.88559 4.33
    endloop
  endfacet
  facet normal 0 0 -1
    outer loop
      vertex 3.09204 -2.53757 4.33
      vertex 3.32588 2.22228 4.33
      vertex 3.32588 -2.22228 4.33
    endloop
  endfacet
  facet normal 0 0 -1
    outer loop
      vertex 3.09204 -2.53757 4.33
      vertex 3.09204 2.53757 4.33
      vertex 3.32588 2.22228 4.33
    endloop
  endfacet
  facet normal 0 0 -1
    outer loop
      vertex 2.82843 -2.82843 4.33
      vertex 3.09204 2.53757 4.33
      vertex 3.09204 -2.53757 4.33
    endloop
  endfacet
  facet normal 0 0 -1
    outer loop
      vertex 2.82843 -2.82843 4.33
      vertex 2.82843 2.82843 4.33
      vertex 3.09204 2.53757 4.33
    endloop
  endfacet
  facet normal 0 0 -1
    outer loop
      vertex 2.53757 -3.09204 4.33
      vertex 2.82843 2.82843 4.33
      vertex 2.82843 -2.82843 4.33
    endloop
  endfacet
  facet normal 0 0 -1
    outer loop
      vertex 2.53757 -3.09204 4.33
      vertex 2.53757 3.09204 4.33
      vertex 2.82843 2.82843 4.33
    endloop
  endfacet
  facet normal 0 0 -1
    outer loop
      vertex 2.22228 -3.32588 4.33
      vertex 2.53757 3.09204 4.33
      vertex 2.53757 -3.09204 4.33
    endloop
  endfacet
  facet normal 0 0 -1
    outer loop
      vertex 2.22228 -3.32588 4.33
      vertex 2.22228 3.32588 4.33
      vertex 2.53757 3.09204 4.33
    endloop
  endfacet
  facet normal 0 0 -1
    outer loop
      vertex 1.88559 -3.52768 4.33
      vertex 2.22228 3.32588 4.33
      vertex 2.22228 -3.32588 4.33
    endloop
  endfacet
  facet normal 0 0 -1
    outer loop
      vertex 1.88559 -3.52768 4.33
      vertex 1.88559 3.52768 4.33
      vertex 2.22228 3.32588 4.33
    endloop
  endfacet
  facet normal 0 0 -1
    outer loop
      vertex 1.53073 -3.69552 4.33
      vertex 1.88559 3.52768 4.33
      vertex 1.88559 -3.52768 4.33
    endloop
  endfacet
  facet normal 0 0 -1
    outer loop
      vertex 1.53073 -3.69552 4.33
      vertex 1.53073 3.69552 4.33
      vertex 1.88559 3.52768 4.33
    endloop
  endfacet
  facet normal 0 0 -1
    outer loop
      vertex 1.16114 -3.82776 4.33
      vertex 1.53073 3.69552 4.33
      vertex 1.53073 -3.69552 4.33
    endloop
  endfacet
  facet normal 0 0 -1
    outer loop
      vertex 1.16114 -3.82776 4.33
      vertex 1.16114 3.82776 4.33
      vertex 1.53073 3.69552 4.33
    endloop
  endfacet
  facet normal 0 0 -1
    outer loop
      vertex 0.780361 -3.92314 4.33
      vertex 1.16114 3.82776 4.33
      vertex 1.16114 -3.82776 4.33
    endloop
  endfacet
  facet normal 0 0 -1
    outer loop
      vertex 0.780361 -3.92314 4.33
      vertex 0.780361 3.92314 4.33
      vertex 1.16114 3.82776 4.33
    endloop
  endfacet
  facet normal 0 0 -1
    outer loop
      vertex 0.392068 -3.98074 4.33
      vertex 0.780361 3.92314 4.33
      vertex 0.780361 -3.92314 4.33
    endloop
  endfacet
  facet normal 0 0 -1
    outer loop
      vertex 0.392068 -3.98074 4.33
      vertex 0.392068 3.98074 4.33
      vertex 0.780361 3.92314 4.33
    endloop
  endfacet
  facet normal 0 0 -1
    outer loop
      vertex 0 -4 4.33
      vertex 0.392068 3.98074 4.33
      vertex 0.392068 -3.98074 4.33
    endloop
  endfacet
  facet normal 0 0 -1
    outer loop
      vertex 0 -4 4.33
      vertex 0 4 4.33
      vertex 0.392068 3.98074 4.33
    endloop
  endfacet
  facet normal 0 0 -1
    outer loop
      vertex -0.392068 -3.98074 4.33
      vertex 0 4 4.33
      vertex 0 -4 4.33
    endloop
  endfacet
  facet normal 0 0 -1
    outer loop
      vertex -0.392068 -3.98074 4.33
      vertex -0.392068 3.98074 4.33
      vertex 0 4 4.33
    endloop
  endfacet
  facet normal 0 0 -1
    outer loop
      vertex -0.780361 -3.92314 4.33
      vertex -0.392068 3.98074 4.33
      vertex -0.392068 -3.98074 4.33
    endloop
  endfacet
  facet normal 0 0 -1
    outer loop
      vertex -0.780361 -3.92314 4.33
      vertex -0.780361 3.92314 4.33
      vertex -0.392068 3.98074 4.33
    endloop
  endfacet
  facet normal 0 0 -1
    outer loop
      vertex -1.16114 -3.82776 4.33
      vertex -0.780361 3.92314 4.33
      vertex -0.780361 -3.92314 4.33
    endloop
  endfacet
  facet normal 0 0 -1
    outer loop
      vertex -1.16114 -3.82776 4.33
      vertex -1.16114 3.82776 4.33
      vertex -0.780361 3.92314 4.33
    endloop
  endfacet
  facet normal 0 0 -1
    outer loop
      vertex -1.53073 -3.69552 4.33
      vertex -1.16114 3.82776 4.33
      vertex -1.16114 -3.82776 4.33
    endloop
  endfacet
  facet normal 0 0 -1
    outer loop
      vertex -1.53073 -3.69552 4.33
      vertex -1.53073 3.69552 4.33
      vertex -1.16114 3.82776 4.33
    endloop
  endfacet
  facet normal 0 0 -1
    outer loop
      vertex -1.88559 -3.52768 4.33
      vertex -1.53073 3.69552 4.33
      vertex -1.53073 -3.69552 4.33
    endloop
  endfacet
  facet normal 0 0 -1
    outer loop
      vertex -1.88559 -3.52768 4.33
      vertex -1.88559 3.52768 4.33
      vertex -1.53073 3.69552 4.33
    endloop
  endfacet
  facet normal 0 0 -1
    outer loop
      vertex -2.22228 -3.32588 4.33
      vertex -1.88559 3.52768 4.33
      vertex -1.88559 -3.52768 4.33
    endloop
  endfacet
  facet normal 0 0 -1
    outer loop
      vertex -2.22228 -3.32588 4.33
      vertex -2.22228 3.32588 4.33
      vertex -1.88559 3.52768 4.33
    endloop
  endfacet
  facet normal 0 0 -1
    outer loop
      vertex -2.53757 -3.09204 4.33
      vertex -2.22228 3.32588 4.33
      vertex -2.22228 -3.32588 4.33
    endloop
  endfacet
  facet normal 0 0 -1
    outer loop
      vertex -2.53757 -3.09204 4.33
      vertex -2.53757 3.09204 4.33
      vertex -2.22228 3.32588 4.33
    endloop
  endfacet
  facet normal 0 0 -1
    outer loop
      vertex -2.82843 -2.82843 4.33
      vertex -2.53757 3.09204 4.33
      vertex -2.53757 -3.09204 4.33
    endloop
  endfacet
  facet normal 0 0 -1
    outer loop
      vertex -2.82843 -2.82843 4.33
      vertex -2.82843 2.82843 4.33
      vertex -2.53757 3.09204 4.33
    endloop
  endfacet
  facet normal 0 0 -1
    outer loop
      vertex -3.09204 -2.53757 4.33
      vertex -2.82843 2.82843 4.33
      vertex -2.82843 -2.82843 4.33
    endloop
  endfacet
  facet normal 0 0 -1
    outer loop
      vertex -3.09204 -2.53757 4.33
      vertex -3.09204 2.53757 4.33
      vertex -2.82843 2.82843 4.33
    endloop
  endfacet
  facet normal 0 0 -1
    outer loop
      vertex -3.32588 -2.22228 4.33
      vertex -3.09204 2.53757 4.33
      vertex -3.09204 -2.53757 4.33
    endloop
  endfacet
  facet normal 0 0 -1
    outer loop
      vertex -3.32588 -2.22228 4.33
      vertex -3.32588 2.22228 4.33
      vertex -3.09204 2.53757 4.33
    endloop
  endfacet
  facet normal 0 0 -1
    outer loop
      vertex -3.52768 -1.88559 4.33
      vertex -3.32588 2.22228 4.33
      vertex -3.32588 -2.22228 4.33
    endloop
  endfacet
  facet normal 0 0 -1
    outer loop
      vertex -3.52768 -1.88559 4.33
      vertex -3.52768 1.88559 4.33
      vertex -3.32588 2.22228 4.33
    endloop
  endfacet
  facet normal 0 0 -1
    outer loop
      vertex -3.69552 -1.53073 4.33
      vertex -3.52768 1.88559 4.33
      vertex -3.52768 -1.88559 4.33
    endloop
  endfacet
  facet normal 0 0 -1
    outer loop
      vertex -3.69552 -1.53073 4.33
      vertex -3.69552 1.53073 4.33
      vertex -3.52768 1.88559 4.33
    endloop
  endfacet
  facet normal 0 0 -1
    outer loop
      vertex -3.82776 -1.16114 4.33
      vertex -3.69552 1.53073 4.33
      vertex -3.69552 -1.53073 4.33
    endloop
  endfacet
  facet normal 0 0 -1
    outer loop
      vertex -3.82776 -1.16114 4.33
      vertex -3.82776 1.16114 4.33
      vertex -3.69552 1.53073 4.33
    endloop
  endfacet
  facet normal 0 0 -1
    outer loop
      vertex -3.92314 -0.780361 4.33
      vertex -3.82776 1.16114 4.33
      vertex -3.82776 -1.16114 4.33
    endloop
  endfacet
  facet normal 0 0 -1
    outer loop
      vertex -3.92314 -0.780361 4.33
      vertex -3.92314 0.780361 4.33
      vertex -3.82776 1.16114 4.33
    endloop
  endfacet
  facet normal 0 0 -1
    outer loop
      vertex -3.98074 -0.392068 4.33
      vertex -3.92314 0.780361 4.33
      vertex -3.92314 -0.780361 4.33
    endloop
  endfacet
  facet normal 0 0 -1
    outer loop
      vertex -3.98074 -0.392068 4.33
      vertex -3.98074 0.392068 4.33
      vertex -3.92314 0.780361 4.33
    endloop
  endfacet
  facet normal 0 -0 -1
    outer loop
      vertex -3.98074 0.392068 4.33
      vertex -3.98074 -0.392068 4.33
      vertex -4 0 4.33
    endloop
  endfacet
  facet normal 0.941545 -0.336887 0
    outer loop
      vertex -3.82776 1.16114 4.33
      vertex -3.69552 1.53073 4.1
      vertex -3.69552 1.53073 4.33
    endloop
  endfacet
  facet normal 0.941545 -0.336887 0
    outer loop
      vertex -3.69552 1.53073 4.1
      vertex -3.82776 1.16114 4.33
      vertex -3.82776 1.16114 4.1
    endloop
  endfacet
  facet normal 0.970031 -0.24298 0
    outer loop
      vertex -3.92314 0.780361 4.33
      vertex -3.82776 1.16114 4.1
      vertex -3.82776 1.16114 4.33
    endloop
  endfacet
  facet normal 0.970031 -0.24298 0
    outer loop
      vertex -3.82776 1.16114 4.1
      vertex -3.92314 0.780361 4.33
      vertex -3.92314 0.780361 4.1
    endloop
  endfacet
  facet normal 0.857733 -0.514095 0
    outer loop
      vertex -3.52768 1.88559 4.33
      vertex -3.32588 2.22228 4.1
      vertex -3.32588 2.22228 4.33
    endloop
  endfacet
  facet normal 0.857733 -0.514095 0
    outer loop
      vertex -3.32588 2.22228 4.1
      vertex -3.52768 1.88559 4.33
      vertex -3.52768 1.88559 4.1
    endloop
  endfacet
  facet normal 0.803201 -0.595708 0
    outer loop
      vertex -3.32588 2.22228 4.33
      vertex -3.09204 2.53757 4.1
      vertex -3.09204 2.53757 4.33
    endloop
  endfacet
  facet normal 0.803201 -0.595708 0
    outer loop
      vertex -3.09204 2.53757 4.1
      vertex -3.32588 2.22228 4.33
      vertex -3.32588 2.22228 4.1
    endloop
  endfacet
  facet normal 0.24298 -0.970031 0
    outer loop
      vertex -1.16114 3.82776 4.1
      vertex -0.780361 3.92314 4.33
      vertex -1.16114 3.82776 4.33
    endloop
  endfacet
  facet normal 0.24298 -0.970031 0
    outer loop
      vertex -0.780361 3.92314 4.33
      vertex -1.16114 3.82776 4.1
      vertex -0.780361 3.92314 4.1
    endloop
  endfacet
  facet normal 0.049065 -0.998796 0
    outer loop
      vertex -0.392068 3.98074 4.1
      vertex 0 4 4.33
      vertex -0.392068 3.98074 4.33
    endloop
  endfacet
  facet normal 0.049065 -0.998796 0
    outer loop
      vertex 0 4 4.33
      vertex -0.392068 3.98074 4.1
      vertex 0 4 4.1
    endloop
  endfacet
  facet normal 0.514095 -0.857733 0
    outer loop
      vertex -2.22228 3.32588 4.1
      vertex -1.88559 3.52768 4.33
      vertex -2.22228 3.32588 4.33
    endloop
  endfacet
  facet normal 0.514095 -0.857733 0
    outer loop
      vertex -1.88559 3.52768 4.33
      vertex -2.22228 3.32588 4.1
      vertex -1.88559 3.52768 4.1
    endloop
  endfacet
  facet normal 0.595708 -0.803201 0
    outer loop
      vertex -2.53757 3.09204 4.1
      vertex -2.22228 3.32588 4.33
      vertex -2.53757 3.09204 4.33
    endloop
  endfacet
  facet normal 0.595708 -0.803201 0
    outer loop
      vertex -2.22228 3.32588 4.33
      vertex -2.53757 3.09204 4.1
      vertex -2.22228 3.32588 4.1
    endloop
  endfacet
  facet normal 0.427563 -0.903986 0
    outer loop
      vertex -1.88559 3.52768 4.1
      vertex -1.53073 3.69552 4.33
      vertex -1.88559 3.52768 4.33
    endloop
  endfacet
  facet normal 0.427563 -0.903986 0
    outer loop
      vertex -1.53073 3.69552 4.33
      vertex -1.88559 3.52768 4.1
      vertex -1.53073 3.69552 4.1
    endloop
  endfacet
  facet normal 0.671545 -0.740964 0
    outer loop
      vertex -2.82843 2.82843 4.1
      vertex -2.53757 3.09204 4.33
      vertex -2.82843 2.82843 4.33
    endloop
  endfacet
  facet normal 0.671545 -0.740964 0
    outer loop
      vertex -2.53757 3.09204 4.33
      vertex -2.82843 2.82843 4.1
      vertex -2.53757 3.09204 4.1
    endloop
  endfacet
  facet normal -0.998796 -0.049065 0
    outer loop
      vertex 4 0 4.1
      vertex 3.98074 0.392068 4.33
      vertex 3.98074 0.392068 4.1
    endloop
  endfacet
  facet normal -0.998796 -0.049065 0
    outer loop
      vertex 3.98074 0.392068 4.33
      vertex 4 0 4.1
      vertex 4 0 4.33
    endloop
  endfacet
  facet normal -0.970031 0.24298 0
    outer loop
      vertex 3.82776 -1.16114 4.1
      vertex 3.92314 -0.780361 4.33
      vertex 3.92314 -0.780361 4.1
    endloop
  endfacet
  facet normal -0.970031 0.24298 0
    outer loop
      vertex 3.92314 -0.780361 4.33
      vertex 3.82776 -1.16114 4.1
      vertex 3.82776 -1.16114 4.33
    endloop
  endfacet
  facet normal -0.049065 0.998796 0
    outer loop
      vertex 0.392068 -3.98074 4.1
      vertex 0 -4 4.33
      vertex 0.392068 -3.98074 4.33
    endloop
  endfacet
  facet normal -0.049065 0.998796 0
    outer loop
      vertex 0 -4 4.33
      vertex 0.392068 -3.98074 4.1
      vertex 0 -4 4.1
    endloop
  endfacet
  facet normal -0.803201 0.595708 0
    outer loop
      vertex 3.09204 -2.53757 4.1
      vertex 3.32588 -2.22228 4.33
      vertex 3.32588 -2.22228 4.1
    endloop
  endfacet
  facet normal -0.803201 0.595708 0
    outer loop
      vertex 3.32588 -2.22228 4.33
      vertex 3.09204 -2.53757 4.1
      vertex 3.09204 -2.53757 4.33
    endloop
  endfacet
  facet normal -0.336887 0.941545 0
    outer loop
      vertex 1.53073 -3.69552 4.1
      vertex 1.16114 -3.82776 4.33
      vertex 1.53073 -3.69552 4.33
    endloop
  endfacet
  facet normal -0.336887 0.941545 0
    outer loop
      vertex 1.16114 -3.82776 4.33
      vertex 1.53073 -3.69552 4.1
      vertex 1.16114 -3.82776 4.1
    endloop
  endfacet
  facet normal -0.671545 0.740964 0
    outer loop
      vertex 2.82843 -2.82843 4.1
      vertex 2.53757 -3.09204 4.33
      vertex 2.82843 -2.82843 4.33
    endloop
  endfacet
  facet normal -0.671545 0.740964 0
    outer loop
      vertex 2.53757 -3.09204 4.33
      vertex 2.82843 -2.82843 4.1
      vertex 2.53757 -3.09204 4.1
    endloop
  endfacet
  facet normal -0.514095 0.857733 0
    outer loop
      vertex 2.22228 -3.32588 4.1
      vertex 1.88559 -3.52768 4.33
      vertex 2.22228 -3.32588 4.33
    endloop
  endfacet
  facet normal -0.514095 0.857733 0
    outer loop
      vertex 1.88559 -3.52768 4.33
      vertex 2.22228 -3.32588 4.1
      vertex 1.88559 -3.52768 4.1
    endloop
  endfacet
  facet normal 0.049065 0.998796 -0
    outer loop
      vertex 0 -4 4.1
      vertex -0.392068 -3.98074 4.33
      vertex 0 -4 4.33
    endloop
  endfacet
  facet normal 0.049065 0.998796 0
    outer loop
      vertex -0.392068 -3.98074 4.33
      vertex 0 -4 4.1
      vertex -0.392068 -3.98074 4.1
    endloop
  endfacet
  facet normal 0.336887 0.941545 -0
    outer loop
      vertex -1.16114 -3.82776 4.1
      vertex -1.53073 -3.69552 4.33
      vertex -1.16114 -3.82776 4.33
    endloop
  endfacet
  facet normal 0.336887 0.941545 0
    outer loop
      vertex -1.53073 -3.69552 4.33
      vertex -1.16114 -3.82776 4.1
      vertex -1.53073 -3.69552 4.1
    endloop
  endfacet
  facet normal 0.514095 0.857733 -0
    outer loop
      vertex -1.88559 -3.52768 4.1
      vertex -2.22228 -3.32588 4.33
      vertex -1.88559 -3.52768 4.33
    endloop
  endfacet
  facet normal 0.514095 0.857733 0
    outer loop
      vertex -2.22228 -3.32588 4.33
      vertex -1.88559 -3.52768 4.1
      vertex -2.22228 -3.32588 4.1
    endloop
  endfacet
  facet normal 0.970031 0.24298 0
    outer loop
      vertex -3.82776 -1.16114 4.33
      vertex -3.92314 -0.780361 4.1
      vertex -3.92314 -0.780361 4.33
    endloop
  endfacet
  facet normal 0.970031 0.24298 0
    outer loop
      vertex -3.92314 -0.780361 4.1
      vertex -3.82776 -1.16114 4.33
      vertex -3.82776 -1.16114 4.1
    endloop
  endfacet
  facet normal 0.998796 0.049065 0
    outer loop
      vertex -3.98074 -0.392068 4.33
      vertex -4 0 4.1
      vertex -4 0 4.33
    endloop
  endfacet
  facet normal 0.998796 0.049065 0
    outer loop
      vertex -4 0 4.1
      vertex -3.98074 -0.392068 4.33
      vertex -3.98074 -0.392068 4.1
    endloop
  endfacet
  facet normal 0.803201 0.595708 0
    outer loop
      vertex -3.09204 -2.53757 4.33
      vertex -3.32588 -2.22228 4.1
      vertex -3.32588 -2.22228 4.33
    endloop
  endfacet
  facet normal 0.803201 0.595708 0
    outer loop
      vertex -3.32588 -2.22228 4.1
      vertex -3.09204 -2.53757 4.33
      vertex -3.09204 -2.53757 4.1
    endloop
  endfacet
  facet normal 0.903986 0.427563 0
    outer loop
      vertex -3.52768 -1.88559 4.33
      vertex -3.69552 -1.53073 4.1
      vertex -3.69552 -1.53073 4.33
    endloop
  endfacet
  facet normal 0.903986 0.427563 0
    outer loop
      vertex -3.69552 -1.53073 4.1
      vertex -3.52768 -1.88559 4.33
      vertex -3.52768 -1.88559 4.1
    endloop
  endfacet
  facet normal 0.740964 0.671545 0
    outer loop
      vertex -2.82843 -2.82843 4.33
      vertex -3.09204 -2.53757 4.1
      vertex -3.09204 -2.53757 4.33
    endloop
  endfacet
  facet normal 0.740964 0.671545 0
    outer loop
      vertex -3.09204 -2.53757 4.1
      vertex -2.82843 -2.82843 4.33
      vertex -2.82843 -2.82843 4.1
    endloop
  endfacet
  facet normal -0.146736 0.989176 0
    outer loop
      vertex 0.780361 -3.92314 4.1
      vertex 0.392068 -3.98074 4.33
      vertex 0.780361 -3.92314 4.33
    endloop
  endfacet
  facet normal -0.146736 0.989176 0
    outer loop
      vertex 0.392068 -3.98074 4.33
      vertex 0.780361 -3.92314 4.1
      vertex 0.392068 -3.98074 4.1
    endloop
  endfacet
  facet normal -0.427563 0.903986 0
    outer loop
      vertex 1.88559 -3.52768 4.1
      vertex 1.53073 -3.69552 4.33
      vertex 1.88559 -3.52768 4.33
    endloop
  endfacet
  facet normal -0.427563 0.903986 0
    outer loop
      vertex 1.53073 -3.69552 4.33
      vertex 1.88559 -3.52768 4.1
      vertex 1.53073 -3.69552 4.1
    endloop
  endfacet
  facet normal -0.740964 0.671545 0
    outer loop
      vertex 2.82843 -2.82843 4.1
      vertex 3.09204 -2.53757 4.33
      vertex 3.09204 -2.53757 4.1
    endloop
  endfacet
  facet normal -0.740964 0.671545 0
    outer loop
      vertex 3.09204 -2.53757 4.33
      vertex 2.82843 -2.82843 4.1
      vertex 2.82843 -2.82843 4.33
    endloop
  endfacet
  facet normal -0.595708 0.803201 0
    outer loop
      vertex 2.53757 -3.09204 4.1
      vertex 2.22228 -3.32588 4.33
      vertex 2.53757 -3.09204 4.33
    endloop
  endfacet
  facet normal -0.595708 0.803201 0
    outer loop
      vertex 2.22228 -3.32588 4.33
      vertex 2.53757 -3.09204 4.1
      vertex 2.22228 -3.32588 4.1
    endloop
  endfacet
  facet normal 0.24298 0.970031 -0
    outer loop
      vertex -0.780361 -3.92314 4.1
      vertex -1.16114 -3.82776 4.33
      vertex -0.780361 -3.92314 4.33
    endloop
  endfacet
  facet normal 0.24298 0.970031 0
    outer loop
      vertex -1.16114 -3.82776 4.33
      vertex -0.780361 -3.92314 4.1
      vertex -1.16114 -3.82776 4.1
    endloop
  endfacet
  facet normal 0.595708 0.803201 -0
    outer loop
      vertex -2.22228 -3.32588 4.1
      vertex -2.53757 -3.09204 4.33
      vertex -2.22228 -3.32588 4.33
    endloop
  endfacet
  facet normal 0.595708 0.803201 0
    outer loop
      vertex -2.53757 -3.09204 4.33
      vertex -2.22228 -3.32588 4.1
      vertex -2.53757 -3.09204 4.1
    endloop
  endfacet
  facet normal 0.941545 0.336887 0
    outer loop
      vertex -3.69552 -1.53073 4.33
      vertex -3.82776 -1.16114 4.1
      vertex -3.82776 -1.16114 4.33
    endloop
  endfacet
  facet normal 0.941545 0.336887 0
    outer loop
      vertex -3.82776 -1.16114 4.1
      vertex -3.69552 -1.53073 4.33
      vertex -3.69552 -1.53073 4.1
    endloop
  endfacet
  facet normal 0.989176 0.146736 0
    outer loop
      vertex -3.92314 -0.780361 4.33
      vertex -3.98074 -0.392068 4.1
      vertex -3.98074 -0.392068 4.33
    endloop
  endfacet
  facet normal 0.989176 0.146736 0
    outer loop
      vertex -3.98074 -0.392068 4.1
      vertex -3.92314 -0.780361 4.33
      vertex -3.92314 -0.780361 4.1
    endloop
  endfacet
  facet normal 0.857733 0.514095 0
    outer loop
      vertex -3.32588 -2.22228 4.33
      vertex -3.52768 -1.88559 4.1
      vertex -3.52768 -1.88559 4.33
    endloop
  endfacet
  facet normal 0.857733 0.514095 0
    outer loop
      vertex -3.52768 -1.88559 4.1
      vertex -3.32588 -2.22228 4.33
      vertex -3.32588 -2.22228 4.1
    endloop
  endfacet
  facet normal -0.989176 0.146736 0
    outer loop
      vertex 3.92314 -0.780361 4.1
      vertex 3.98074 -0.392068 4.33
      vertex 3.98074 -0.392068 4.1
    endloop
  endfacet
  facet normal -0.989176 0.146736 0
    outer loop
      vertex 3.98074 -0.392068 4.33
      vertex 3.92314 -0.780361 4.1
      vertex 3.92314 -0.780361 4.33
    endloop
  endfacet
  facet normal -0.903986 0.427563 0
    outer loop
      vertex 3.52768 -1.88559 4.1
      vertex 3.69552 -1.53073 4.33
      vertex 3.69552 -1.53073 4.1
    endloop
  endfacet
  facet normal -0.903986 0.427563 0
    outer loop
      vertex 3.69552 -1.53073 4.33
      vertex 3.52768 -1.88559 4.1
      vertex 3.52768 -1.88559 4.33
    endloop
  endfacet
  facet normal -0.857733 0.514095 0
    outer loop
      vertex 3.32588 -2.22228 4.1
      vertex 3.52768 -1.88559 4.33
      vertex 3.52768 -1.88559 4.1
    endloop
  endfacet
  facet normal -0.857733 0.514095 0
    outer loop
      vertex 3.52768 -1.88559 4.33
      vertex 3.32588 -2.22228 4.1
      vertex 3.32588 -2.22228 4.33
    endloop
  endfacet
  facet normal -0.24298 0.970031 0
    outer loop
      vertex 1.16114 -3.82776 4.1
      vertex 0.780361 -3.92314 4.33
      vertex 1.16114 -3.82776 4.33
    endloop
  endfacet
  facet normal -0.24298 0.970031 0
    outer loop
      vertex 0.780361 -3.92314 4.33
      vertex 1.16114 -3.82776 4.1
      vertex 0.780361 -3.92314 4.1
    endloop
  endfacet
  facet normal -1 0 0
    outer loop
      vertex 2.9 -5.9 1
      vertex 2.9 -6.61818 1
      vertex 2.9 -5.9 3.2
    endloop
  endfacet
  facet normal -1 0 0
    outer loop
      vertex 2.9 -5.9 3.2
      vertex 2.9 -4.5 4.1
      vertex 2.9 -4.5 3.2
    endloop
  endfacet
  facet normal -1 0 0
    outer loop
      vertex 2.9 -5.9 3.2
      vertex 2.9 -7.29454 4.1
      vertex 2.9 -4.5 4.1
    endloop
  endfacet
  facet normal -1 0 0
    outer loop
      vertex 2.9 -7.29454 4.1
      vertex 2.9 -5.9 3.2
      vertex 2.9 -6.61818 1
    endloop
  endfacet
  facet normal 0 0 -1
    outer loop
      vertex 2.9 -5.9 3.2
      vertex 5.9 -4.5 3.2
      vertex 5.9 -5.9 3.2
    endloop
  endfacet
  facet normal -0 0 -1
    outer loop
      vertex 5.9 -4.5 3.2
      vertex 2.9 -5.9 3.2
      vertex 2.9 -4.5 3.2
    endloop
  endfacet
  facet normal 1 0 0
    outer loop
      vertex 5.9 -4.5 4.1
      vertex 5.9 -5.9 3.2
      vertex 5.9 -4.5 3.2
    endloop
  endfacet
  facet normal 1 0 0
    outer loop
      vertex 5.9 -5.9 3.2
      vertex 5.9 -6.61818 1
      vertex 5.9 -5.9 1
    endloop
  endfacet
  facet normal 1 0 0
    outer loop
      vertex 5.9 -5.9 3.2
      vertex 5.9 -7.29454 4.1
      vertex 5.9 -6.61818 1
    endloop
  endfacet
  facet normal 1 -0 0
    outer loop
      vertex 5.9 -7.29454 4.1
      vertex 5.9 -5.9 3.2
      vertex 5.9 -4.5 4.1
    endloop
  endfacet
  facet normal 0 1 -0
    outer loop
      vertex 5.9 -5.9 1
      vertex 2.9 -5.9 3.2
      vertex 5.9 -5.9 3.2
    endloop
  endfacet
  facet normal 0 1 0
    outer loop
      vertex 2.9 -5.9 3.2
      vertex 5.9 -5.9 1
      vertex 2.9 -5.9 1
    endloop
  endfacet
  facet normal 0 0 -1
    outer loop
      vertex 2.9 -6.61818 1
      vertex 5.9 -5.9 1
      vertex 5.9 -6.61818 1
    endloop
  endfacet
  facet normal -0 0 -1
    outer loop
      vertex 5.9 -5.9 1
      vertex 2.9 -6.61818 1
      vertex 2.9 -5.9 1
    endloop
  endfacet
  facet normal 0 1 -0
    outer loop
      vertex 5.9 -4.5 3.2
      vertex 2.9 -4.5 4.1
      vertex 5.9 -4.5 4.1
    endloop
  endfacet
  facet normal 0 1 0
    outer loop
      vertex 2.9 -4.5 4.1
      vertex 5.9 -4.5 3.2
      vertex 2.9 -4.5 3.2
    endloop
  endfacet
  facet normal -1 0 0
    outer loop
      vertex -5.9 -5.9 1
      vertex -5.9 -6.61818 1
      vertex -5.9 -5.9 3.2
    endloop
  endfacet
  facet normal -1 0 0
    outer loop
      vertex -5.9 -5.9 3.2
      vertex -5.9 -4.5 4.1
      vertex -5.9 -4.5 3.2
    endloop
  endfacet
  facet normal -1 0 0
    outer loop
      vertex -5.9 -5.9 3.2
      vertex -5.9 -7.29454 4.1
      vertex -5.9 -4.5 4.1
    endloop
  endfacet
  facet normal -1 0 0
    outer loop
      vertex -5.9 -7.29454 4.1
      vertex -5.9 -5.9 3.2
      vertex -5.9 -6.61818 1
    endloop
  endfacet
  facet normal 0 0 -1
    outer loop
      vertex -5.9 -5.9 3.2
      vertex -2.9 -4.5 3.2
      vertex -2.9 -5.9 3.2
    endloop
  endfacet
  facet normal -0 0 -1
    outer loop
      vertex -2.9 -4.5 3.2
      vertex -5.9 -5.9 3.2
      vertex -5.9 -4.5 3.2
    endloop
  endfacet
  facet normal 1 0 0
    outer loop
      vertex -2.9 -4.5 4.1
      vertex -2.9 -5.9 3.2
      vertex -2.9 -4.5 3.2
    endloop
  endfacet
  facet normal 1 0 0
    outer loop
      vertex -2.9 -5.9 3.2
      vertex -2.9 -6.61818 1
      vertex -2.9 -5.9 1
    endloop
  endfacet
  facet normal 1 0 0
    outer loop
      vertex -2.9 -5.9 3.2
      vertex -2.9 -7.29454 4.1
      vertex -2.9 -6.61818 1
    endloop
  endfacet
  facet normal 1 -0 0
    outer loop
      vertex -2.9 -7.29454 4.1
      vertex -2.9 -5.9 3.2
      vertex -2.9 -4.5 4.1
    endloop
  endfacet
  facet normal 0 1 -0
    outer loop
      vertex -2.9 -5.9 1
      vertex -5.9 -5.9 3.2
      vertex -2.9 -5.9 3.2
    endloop
  endfacet
  facet normal 0 1 0
    outer loop
      vertex -5.9 -5.9 3.2
      vertex -2.9 -5.9 1
      vertex -5.9 -5.9 1
    endloop
  endfacet
  facet normal 0 0 -1
    outer loop
      vertex -5.9 -6.61818 1
      vertex -2.9 -5.9 1
      vertex -2.9 -6.61818 1
    endloop
  endfacet
  facet normal -0 0 -1
    outer loop
      vertex -2.9 -5.9 1
      vertex -5.9 -6.61818 1
      vertex -5.9 -5.9 1
    endloop
  endfacet
  facet normal 0 1 -0
    outer loop
      vertex -2.9 -4.5 3.2
      vertex -5.9 -4.5 4.1
      vertex -2.9 -4.5 4.1
    endloop
  endfacet
  facet normal 0 1 0
    outer loop
      vertex -5.9 -4.5 4.1
      vertex -2.9 -4.5 3.2
      vertex -5.9 -4.5 3.2
    endloop
  endfacet
endsolid OpenSCAD_Model
